sku,product,was,now,saving,percent,product_url,description,image_url,image_file,qr_file,availability
14492,3 in 1 Grooming Kit,£8.50,£6.38,£2.12,25%,https://stevegiergiel.vivamknetwork.co.uk/3-in-1-grooming-kit.html,"Whether you have a cat or dog, long hair or short, this 3-in-1 grooming set offers everything you need for a clean, healthy, and happy pet - all in one convenient package. Includes: 1 x Double sided pin & bristle brush (L: 23cm), 1 x Flea Comb (L: 18cm) and 1 x Slicker brush (L: 17cm). Metal & plastic.",https://stevegiergiel.vivamknetwork.co.uk/media/catalog/product/cache/6517c62f5899ad6aa0ba23ceb3eeff97/1/4/14492.jpg,output\pets\cache\images\14492.jpg,output\pets\cache\images\14492_qr.png,
14432,Birthday Cake Pet Toy,£6.50,£4.88,£1.62,25%,https://stevegiergiel.vivamknetwork.co.uk/birthday-cake-pet-toy.html,Celebrate a furry friend’s special day in style with this adorable plush Birthday Cake Toy. Features a soft candle topper for festive flair. It’s the ultimate treat (minus the calories). Crinkles & squeaks. Polyester. H20 x W15cm. Colour may vary.,https://stevegiergiel.vivamknetwork.co.uk/media/catalog/product/cache/6517c62f5899ad6aa0ba23ceb3eeff97/1/4/14432.jpg,output\pets\cache\images\14432.jpg,output\pets\cache\images\14432_qr.png,
14433,Birthday Plush Present Dog Toy,£7.50,£5.63,£1.87,25%,https://stevegiergiel.vivamknetwork.co.uk/birthday-plush-present-dog-toy.html,Make playtime extra special with this plush Birthday Present Dog Toy. Features a hidden squeaky toy inside - doubling the excitement and extending the fun. Crinkles & squeaks. Polyester & vinyl. H20 x W20 x D10cm. Colour & design may vary.,https://stevegiergiel.vivamknetwork.co.uk/media/catalog/product/cache/6517c62f5899ad6aa0ba23ceb3eeff97/1/4/14433.jpg,output\pets\cache\images\14433.jpg,output\pets\cache\images\14433_qr.png,
14517,Black Pawkid Pawfume by Tom Pawed - 100ml,£12.50,£9.38,£3.12,25%,https://stevegiergiel.vivamknetwork.co.uk/black-pawkid-pawfume-by-tom-pawed-100ml.html,"Inspired by the timeless elegance of fine perfumery, this luxurious blend contains calming chamomile extracts to soothe and refresh - leaving your furry companion smelling effortlessly divine. 100ml. BLACK PAWKID: Intriguing fusion of black truffle & ylang ylang harmonises beautifully with fresh bergamot. UNISEX. Available in 5 designer inspired scents.",https://stevegiergiel.vivamknetwork.co.uk/media/catalog/product/cache/6517c62f5899ad6aa0ba23ceb3eeff97/1/4/14517.png,output\pets\cache\images\14517.jpg,output\pets\cache\images\14517_qr.png,
14439,Chasing Laser Pointer Cat Toy,£3.50,£2.63,£0.87,25%,https://stevegiergiel.vivamknetwork.co.uk/chasing-laster-pointer-cat-toy.html,Keep your cat moving and entertained with this interactive laser chaser toy! It’s the perfect way to spark their playful instincts and keep them active for hours. Encourages exercise. Aluminium. Requires 3 x button batteries (included). L7.5cm (excluding key chain).,https://stevegiergiel.vivamknetwork.co.uk/media/catalog/product/cache/6517c62f5899ad6aa0ba23ceb3eeff97/1/4/14439.jpg,output\pets\cache\images\14439.jpg,output\pets\cache\images\14439_qr.png,
14436,Dog Bone & Ball Squeaky Toy,£4.00,£3.00,£1.00,25%,https://stevegiergiel.vivamknetwork.co.uk/dog-bone-ball-squeaky-toy.html,"Built with internal squeakers, they're perfect for all types of play and exercise. Keeping your pup active, entertained, and tail wagging happy! Made from durable PVC. Includes 1 x bone and 1 x ball. Ball: Diam. 8cm. Bone: L16 x W7 x D3cm. Colour may vary.",https://stevegiergiel.vivamknetwork.co.uk/media/catalog/product/cache/6517c62f5899ad6aa0ba23ceb3eeff97/1/4/14436.jpg,output\pets\cache\images\14436.jpg,output\pets\cache\images\14436_qr.png,
14498,Dog Print Harness,£6.50,£4.88,£1.62,25%,https://stevegiergiel.vivamknetwork.co.uk/dog-print-harness.html,"Turn every walk into a fashion moment with our adorable collection. Featuring a playful dog print that’s as cute as your pup! This coordinated collection includes a comfy harness, sturdy lead, collar, and handy waste bag dispenser - all designed for style, safety, and everyday ease. Whether you're heading to the park or strutting through the neighbourhood, your dog will look paw-sitively perfect! Material: polyester. Collar: adjustable 30 - 50cm, lead: L120cm, waste bag dispenser: L8.5 x W6cm (waste bags available on code 14495), harness: adjustable waist & chest straps, 45 - 60cm around stomach.",https://stevegiergiel.vivamknetwork.co.uk/media/catalog/product/cache/6517c62f5899ad6aa0ba23ceb3eeff97/1/4/14498.jpg,output\pets\cache\images\14498.jpg,output\pets\cache\images\14498_qr.png,
14499,Dog Print Lead,£4.00,£3.00,£1.00,25%,https://stevegiergiel.vivamknetwork.co.uk/dog-print-lead.html,"Turn every walk into a fashion moment with our adorable collection. Featuring a playful dog print that’s as cute as your pup! This coordinated collection includes a comfy harness, sturdy lead, collar, and handy waste bag dispenser - all designed for style, safety, and everyday ease. Whether you're heading to the park or strutting through the neighbourhood, your dog will look paw-sitively perfect! Material: polyester. Collar: adjustable 30 - 50cm, lead: L120cm, waste bag dispenser: L8.5 x W6cm (waste bags available on code 14495), harness: adjustable waist & chest straps, 45 - 60cm around stomach.",https://stevegiergiel.vivamknetwork.co.uk/media/catalog/product/cache/6517c62f5899ad6aa0ba23ceb3eeff97/1/4/14499.jpg,output\pets\cache\images\14499.jpg,output\pets\cache\images\14499_qr.png,
14496,Dog Print Poop Bag Dispenser,£4.00,£3.00,£1.00,25%,https://stevegiergiel.vivamknetwork.co.uk/dog-print-poop-bag-dispenser.html,"Turn every walk into a fashion moment with our adorable collection. Featuring a playful dog print that’s as cute as your pup! This coordinated collection includes a comfy harness, sturdy lead, collar, and handy waste bag dispenser - all designed for style, safety, and everyday ease. Whether you're heading to the park or strutting through the neighbourhood, your dog will look paw-sitively perfect! Material: polyester. Collar: adjustable 30 - 50cm, lead: L120cm, waste bag dispenser: L8.5 x W6cm (waste bags available on code 14495), harness: adjustable waist & chest straps, 45 - 60cm around stomach.",https://stevegiergiel.vivamknetwork.co.uk/media/catalog/product/cache/6517c62f5899ad6aa0ba23ceb3eeff97/1/4/14496.jpg,output\pets\cache\images\14496.jpg,output\pets\cache\images\14496_qr.png,
14493,Hi Visibility Pet Safety Flasher,£3.00,£2.25,£0.75,25%,https://stevegiergiel.vivamknetwork.co.uk/hi-visibility-pet-safety-flasher.html,Keep your pets safe and visible with this high visibility pet safety flasher. Easily clips onto any collar and features two bright LEDs. Water-resistant for all-weather use. Requires 2 LR44 batteries (included). Plastic & metal. L5 x W3cm.,https://stevegiergiel.vivamknetwork.co.uk/media/catalog/product/cache/6517c62f5899ad6aa0ba23ceb3eeff97/1/4/14493.jpg,output\pets\cache\images\14493.jpg,output\pets\cache\images\14493_qr.png,
14438,Mouse Head Cat Toy,£2.50,£1.88,£0.62,25%,https://stevegiergiel.vivamknetwork.co.uk/mouse-head-cat-toy.html,"This Mouse Head Cat Toy features a bright, colourful design with a striped tail - perfect for encouraging exercise and playful behaviour. Great fun for cats and kittens alike! Squeaks. Outer: polyester, inner: polypropylene cotton. Total length: 29cm. Colour may vary.",https://stevegiergiel.vivamknetwork.co.uk/media/catalog/product/cache/6517c62f5899ad6aa0ba23ceb3eeff97/1/4/14438.jpg,output\pets\cache\images\14438.jpg,output\pets\cache\images\14438_qr.png,
12397,Pack of 2 Tennis Balls,£2.50,£1.88,£0.62,25%,https://stevegiergiel.vivamknetwork.co.uk/pk-2-tennis-balls.html,"Perfectly sized for your pet to carry and chase during games of fetch or other fun exercise. These vibrant, colourful balls are easy to spot, making playtime more enjoyable for both you and your furry friend. Tough thermoplastic rubber exterior, resilient latex core & soft polyester cover. Diam. 6.3cm.",https://stevegiergiel.vivamknetwork.co.uk/media/catalog/product/cache/6517c62f5899ad6aa0ba23ceb3eeff97/1/2/12397_1.jpg,output\pets\cache\images\12397.jpg,output\pets\cache\images\12397_qr.png,
14512,Pack of 6 Fat Ball Garland,£6.00,£4.50,£1.50,25%,https://stevegiergiel.vivamknetwork.co.uk/pack-of-6-fat-ball-garland.html,Turn your garden into a bird-friendly haven with our Fat Ball Garland. Link them together to create a charming garland that birds will love and your garden will thank you for. Includes 6 x metal hooks for individual hanging. Plastic & metal. Each: 7cm diam. Pack of 6 including hooks. Fat balls not included.,https://stevegiergiel.vivamknetwork.co.uk/media/catalog/product/cache/6517c62f5899ad6aa0ba23ceb3eeff97/1/4/14512.jpeg,output\pets\cache\images\14512.jpg,output\pets\cache\images\14512_qr.png,
60474,Personalised Cat Memorial Stone,£22.00,£16.50,£5.50,25%,https://stevegiergiel.vivamknetwork.co.uk/personalised-cat-memorial-stone.html,"Commemorate a beloved pet who has crossed the rainbow bridge with our beautifully crafted silhouette memorial stones. Each stone features a touching sentiment and is finished with charming paw prints - a timeless reminder of the love and companionship they gave so freely. Comes boxed. Stone. H20 x W20cm. Available in cat or dog silhouette. Engrave 1 line on base, up to 30 characters (CAPITALS only). Design is fixed.",https://stevegiergiel.vivamknetwork.co.uk/media/catalog/product/cache/6517c62f5899ad6aa0ba23ceb3eeff97/6/0/60474.jpg,output\pets\cache\images\60474.jpg,output\pets\cache\images\60474_qr.png,
68076,Personalised Pet Bandana,£10.00,£7.50,£2.50,25%,https://stevegiergiel.vivamknetwork.co.uk/personalised-pet-bandana.html,"Add a paw-sonal touch to your furry friend's style with our Personalised Pet Bandana. Whether it's their name, nickname, or a fun phrase, this custom bandana is the perfect blend of adorable and unique. Polyester. Bandana: L21 x H13cm, neck strap: adjusts from 30 to 43cm. Design 1: Personalise up to 2 lines, line 1 max. 15 characters, line 2 max. 25 characters. Design 2: Personalise 1 line, max. 15 characters. Designs are fixed. FIFA World Cup 2026 Design: Personalise up to 15 characters. Chosen flag design is fixed.",https://stevegiergiel.vivamknetwork.co.uk/media/catalog/product/cache/6517c62f5899ad6aa0ba23ceb3eeff97/6/8/68054_teddy_bear_3_.jpg,output\pets\cache\images\68076.jpg,output\pets\cache\images\68076_qr.png,
14449,Pet Food Scoop,£2.50,£1.88,£0.62,25%,https://stevegiergiel.vivamknetwork.co.uk/pet-food-scoop.html,"Designed for hassle-free portioning of pet food. Its hygienic design minimises direct contact, helping you serve meals with confidence. Plastic. L24 x W8 x D6cm. Colour may vary.",https://stevegiergiel.vivamknetwork.co.uk/media/catalog/product/cache/6517c62f5899ad6aa0ba23ceb3eeff97/1/4/14449.jpg,output\pets\cache\images\14449.jpg,output\pets\cache\images\14449_qr.png,
14491,Pet Nail Clippers,£5.00,£3.75,£1.25,25%,https://stevegiergiel.vivamknetwork.co.uk/pet-nail-clippers.html,"Trim your pet’s nails with confidence using our ergonomic Pet Nail Clippers. Stainless steel blades. Non-slip, soft grip handle. Built-in safety guard to prevent over trimming. L16 x W6cm. Colour may vary.",https://stevegiergiel.vivamknetwork.co.uk/media/catalog/product/cache/6517c62f5899ad6aa0ba23ceb3eeff97/1/4/14491.jpg,output\pets\cache\images\14491.jpg,output\pets\cache\images\14491_qr.png,
14482,Pet Odour Eliminating Candle 120g - Ocean Spray,£3.50,£2.63,£0.87,25%,https://stevegiergiel.vivamknetwork.co.uk/pet-odour-eliminating-candle-120g-ocean-spray.html,"Say goodbye to lingering pet smells with our Pet Odour Eliminating Candle. Created to refresh your home without compromising your pet’s well-being. 120g, burn time up to 30 hours. OCEAN SPRAY: Fresh fragrance with top notes of mint, amber & cedarwood",https://stevegiergiel.vivamknetwork.co.uk/media/catalog/product/cache/6517c62f5899ad6aa0ba23ceb3eeff97/1/4/14482.jpg,output\pets\cache\images\14482.jpg,output\pets\cache\images\14482_qr.png,
14481,Pet Odour Eliminating Reed Diffuser 50ml - Citrus Fruits,£3.50,£2.63,£0.87,25%,https://stevegiergiel.vivamknetwork.co.uk/pet-odour-eliminating-reed-diffuser-50ml-citrus-fruits.html,"Say goodbye to lingering pet smells with our Pet Odour Eliminating Diffuser. Created to refresh your home without compromising your pet’s well-being. 50ml, diffusion time: up to 12 weeks. CITRUS FRUITS: Zesty fragrance with top notes of juicy lemons and oranges",https://stevegiergiel.vivamknetwork.co.uk/media/catalog/product/cache/6517c62f5899ad6aa0ba23ceb3eeff97/1/4/14481.jpg,output\pets\cache\images\14481.jpg,output\pets\cache\images\14481_qr.png,
14437,Rope Pull & Tug Dog Toy,£3.50,£2.63,£0.87,25%,https://stevegiergiel.vivamknetwork.co.uk/rope-pull-tug-dog-toy.html,"Get ready for endless tail-wagging fun! This durable rope toy with a built-in ball is perfect for all kinds of play - from classic games of tug-of-war to exciting rounds of fetch. Designed for both strength and excitement, it’s a must-have for every playful pup. Cotton, PP & TPR. L31 x W11cm approx. Colour may vary.",https://stevegiergiel.vivamknetwork.co.uk/media/catalog/product/cache/6517c62f5899ad6aa0ba23ceb3eeff97/1/4/14437.jpg,output\pets\cache\images\14437.jpg,output\pets\cache\images\14437_qr.png,
13236,Universal Pet Seat Belt Restraint,£4.50,£3.38,£1.12,25%,https://stevegiergiel.vivamknetwork.co.uk/seat-belt-connector-strap.html,"This universal seat belt restraint will keep you compliant with the latest laws regarding pet travel. It’s adjustable and easy to use, meaning your companion remains safe whilst travelling. For use with full body harness. Adjustable strap: 30-52cm. Fits most UK cars. Colour may vary.",https://stevegiergiel.vivamknetwork.co.uk/media/catalog/product/cache/6517c62f5899ad6aa0ba23ceb3eeff97/1/3/13236.jpg,output\pets\cache\images\13236.jpg,output\pets\cache\images\13236_qr.png,
14514,Window Bird Feeder,£7.00,£5.25,£1.75,25%,https://stevegiergiel.vivamknetwork.co.uk/window-bird-feeder.html,"Get front-row seats to nature’s show - watch garden birds up close with the Window Bird Feeder, right from your window! Detachable lid for easy filling and cleaning. Strong suction cup. Easy to install. Comes boxed. Plastic. H23 x W14 x D10cm approx. Bird seed not included.",https://stevegiergiel.vivamknetwork.co.uk/media/catalog/product/cache/6517c62f5899ad6aa0ba23ceb3eeff97/1/4/14514.jpg,output\pets\cache\images\14514.jpg,output\pets\cache\images\14514_qr.png,
