sku,product,was,now,saving,percent,product_url,description,image_url,image_file,qr_file,availability,stock_status,sold_out_since
14680,Adults LED Beanie Hat,£8.00,£6.00,£2.00,25%,https://stevegiergiel.vivamknetwork.co.uk/adults-led-beanie-hat.html,"Embrace the cosy charm of winter with our LED beanie hat - your perfect companion for chilly days and evening outings. Featuring an integrated LED lamp for hands-free illumination, the light is removable for safe washing. 3 light intensity level. Machine washable. Requires 2 x CR2032 batteries (included). 100% acrylic. One size fits most.",https://stevegiergiel.vivamknetwork.co.uk/media/catalog/product/cache/6517c62f5899ad6aa0ba23ceb3eeff97/1/4/14680.jpg,output\winter_warmers\cache\images\14680.jpg,output\winter_warmers\cache\images\14680_qr.png,,active,
14650,Black Umbrella,£8.50,£6.38,£2.12,25%,https://stevegiergiel.vivamknetwork.co.uk/black-umbrella.html,"Keep rainy days at bay with our portable, compact umbrella - designed to fold away easily and slip right into your bag. Stay dry, stay stylish. Polyester. Open: L60 x W100cm (closed L30 x W7cm).",https://stevegiergiel.vivamknetwork.co.uk/media/catalog/product/cache/6517c62f5899ad6aa0ba23ceb3eeff97/1/4/14650.jpg,output\winter_warmers\cache\images\14650.jpg,output\winter_warmers\cache\images\14650_qr.png,,active,
13831,Car De-Icer 500ml,£4.00,£3.00,£1.00,25%,https://stevegiergiel.vivamknetwork.co.uk/car-de-icer-500ml.html,"This quick and efficient car de-icer is fast acting and effective to -15°C. Its highly concentrated formula melts ice from windscreens, mirrors & door locks. 500ml.",https://stevegiergiel.vivamknetwork.co.uk/media/catalog/product/cache/6517c62f5899ad6aa0ba23ceb3eeff97/1/3/13831.jpg,output\winter_warmers\cache\images\13831.jpg,output\winter_warmers\cache\images\13831_qr.png,,active,
14640,Children's Winter 3 Piece Set - Grey & Black,£12.50,£9.38,£3.12,25%,https://stevegiergiel.vivamknetwork.co.uk/boy-winter-set-3-piece.html,"Bundle up in style with our 3-Piece Children’s Winter Set. Includes a soft scarf, snug gloves, and a warm hat. Perfect for chilly days, these matching sets offer comfort and warmth. Designed to fit just right and keep the cold out, it's a must-have for winter adventures. 100% acrylic. Machine washable. Recommended for ages 7-13 years. Colour will vary on grey & black (variation black with beige stripe).",https://stevegiergiel.vivamknetwork.co.uk/media/catalog/product/cache/6517c62f5899ad6aa0ba23ceb3eeff97/1/4/14640.jpg,output\winter_warmers\cache\images\14640.jpg,output\winter_warmers\cache\images\14640_qr.png,,active,
14641,Children's Winter 3 Piece Set - Navy & Pink,£12.50,£9.38,£3.12,25%,https://stevegiergiel.vivamknetwork.co.uk/girls-winter-set-3-piece.html,"Bundle up in style with our 3-Piece Children’s Winter Set. Includes a soft scarf, snug gloves, and a warm hat. Perfect for chilly days, these matching sets offer comfort and warmth. Designed to fit just right and keep the cold out, it's a must-have for winter adventures. 100% acrylic. Machine washable. Recommended for ages 7-13 years.",https://stevegiergiel.vivamknetwork.co.uk/media/catalog/product/cache/6517c62f5899ad6aa0ba23ceb3eeff97/1/4/14641.jpg,output\winter_warmers\cache\images\14641.jpg,output\winter_warmers\cache\images\14641_qr.png,,active,
14001,Childrens Handy Gripper Magic Gloves,£2.50,£1.88,£0.62,25%,https://stevegiergiel.vivamknetwork.co.uk/childrens-handy-gripper-magic-gloves.html,"These great-value children's gripper gloves are ideal for little ones. The ultra-stretchy magic gloves are lightweight and easy to wear, with rubber grip dots on the palms and fingers, making them perfect for outdoor activities. 85% acrylic, 10% nylon, 5% spandex. Machine washable. One size fits most (approx. 4-8 years).",https://stevegiergiel.vivamknetwork.co.uk/media/catalog/product/cache/6517c62f5899ad6aa0ba23ceb3eeff97/1/4/14001_2.jpg,output\winter_warmers\cache\images\14001.jpg,output\winter_warmers\cache\images\14001_qr.png,,active,
14000,Childrens Knitted Thermal Insulation Hat,£4.00,£3.00,£1.00,25%,https://stevegiergiel.vivamknetwork.co.uk/childrens-knitted-thermal-insulation-hat.html,"This knitted winter hat is fully lined with polar fleece and features R40 advanced thermal insulation, designed to trap body heat for added warmth and protection against the cold. It's an ideal accessory for outdoor activities. 80% acrylic, 20% polyester. Machine washable. Junior size. One size fits most (approx. 5-12 years).",https://stevegiergiel.vivamknetwork.co.uk/media/catalog/product/cache/6517c62f5899ad6aa0ba23ceb3eeff97/1/4/14000.jpg,output\winter_warmers\cache\images\14000.jpg,output\winter_warmers\cache\images\14000_qr.png,,active,
90947,Christmas Oversized Blanket Hoodie,£22.00,£16.50,£5.50,25%,https://stevegiergiel.vivamknetwork.co.uk/christmas-oversized-blanket-hoodie.html,"Wrap yourself in comfort this season with our printed blanket hoodie, available in a festive print. Designed for ultimate cosiness, these oversized hoodies combine the plush warmth of a blanket with the relaxed fit of your favourite sweatshirt. Perfect for chilly mornings, fireside evenings, or lazy weekends at home. Each hoodie features a large front pocket for added comfort and convenience. Plush fleece. 100% polyester. Machine washable. Unisex. One size fits most. Shoulder to hem: L87 x W76cm approx.",https://stevegiergiel.vivamknetwork.co.uk/media/catalog/product/cache/6517c62f5899ad6aa0ba23ceb3eeff97/9/0/90947.jpg,output\winter_warmers\cache\images\90947.jpg,output\winter_warmers\cache\images\90947_qr.png,,active,
11845,Classic Tartan Duvet Set - Blue (Double),£28.00,£21.00,£7.00,25%,https://stevegiergiel.vivamknetwork.co.uk/blue-check-double.html,"This classic tartan check duvet cover, available in red or blue, is the perfect way to add some traditional design into your home. The rich colours are ideal for this season and the coordinating reverse print adds some extra detail. Button fastening. Single includes 1 pillowcase, double, king and super king size include 2 pillowcases. 100% brushed cotton. Machine washable.",https://stevegiergiel.vivamknetwork.co.uk/media/catalog/product/cache/6517c62f5899ad6aa0ba23ceb3eeff97/1/1/11845.jpg,output\winter_warmers\cache\images\11845.jpg,output\winter_warmers\cache\images\11845_qr.png,,active,
11846,Classic Tartan Duvet Set - Blue (King Size),£34.00,£25.50,£8.50,25%,https://stevegiergiel.vivamknetwork.co.uk/blue-check-king-size.html,"This classic tartan check duvet cover, available in red or blue, is the perfect way to add some traditional design into your home. The rich colours are ideal for this season and the coordinating reverse print adds some extra detail. Button fastening. Single includes 1 pillowcase, double, king and super king size include 2 pillowcases. 100% brushed cotton. Machine washable.",https://stevegiergiel.vivamknetwork.co.uk/media/catalog/product/cache/6517c62f5899ad6aa0ba23ceb3eeff97/1/1/11846.jpg,output\winter_warmers\cache\images\11846.jpg,output\winter_warmers\cache\images\11846_qr.png,,active,
11844,Classic Tartan Duvet Set - Blue (Single),£22.00,£16.50,£5.50,25%,https://stevegiergiel.vivamknetwork.co.uk/blue-check-single.html,"This classic tartan check duvet cover, available in red or blue, is the perfect way to add some traditional design into your home. The rich colours are ideal for this season and the coordinating reverse print adds some extra detail. Button fastening. Single includes 1 pillowcase, double, king and super king size include 2 pillowcases. 100% brushed cotton. Machine washable.",https://stevegiergiel.vivamknetwork.co.uk/media/catalog/product/cache/6517c62f5899ad6aa0ba23ceb3eeff97/1/1/11844.jpg,output\winter_warmers\cache\images\11844.jpg,output\winter_warmers\cache\images\11844_qr.png,,active,
13839,Classic Tartan Duvet Set - Blue (Super King Size),£38.00,£28.50,£9.50,25%,https://stevegiergiel.vivamknetwork.co.uk/classic-tartan-duvet-set-blue-super-king-size.html,"This classic tartan check duvet cover, available in red or blue, is the perfect way to add some traditional design into your home. The rich colours are ideal for this season and the coordinating reverse print adds some extra detail. Button fastening. Single includes 1 pillowcase, double, king and super king size include 2 pillowcases. 100% brushed cotton. Machine washable.",https://stevegiergiel.vivamknetwork.co.uk/media/catalog/product/cache/6517c62f5899ad6aa0ba23ceb3eeff97/1/3/13839.jpg,output\winter_warmers\cache\images\13839.jpg,output\winter_warmers\cache\images\13839_qr.png,,active,
12226,Classic Tartan Duvet Set - Red (Double),£28.00,£21.00,£7.00,25%,https://stevegiergiel.vivamknetwork.co.uk/red-check-double.html,"This classic tartan check duvet cover, available in red or blue, is the perfect way to add some traditional design into your home. The rich colours are ideal for this season and the coordinating reverse print adds some extra detail. Button fastening. Single includes 1 pillowcase, double, king and super king size include 2 pillowcases. 100% brushed cotton. Machine washable.",https://stevegiergiel.vivamknetwork.co.uk/media/catalog/product/cache/6517c62f5899ad6aa0ba23ceb3eeff97/1/2/12226.jpg,output\winter_warmers\cache\images\12226.jpg,output\winter_warmers\cache\images\12226_qr.png,,active,
12227,Classic Tartan Duvet Set - Red (King Size),£34.00,£25.50,£8.50,25%,https://stevegiergiel.vivamknetwork.co.uk/classic-tartan-duvet-set-red-king-size.html,"This classic tartan check duvet cover, available in red or blue, is the perfect way to add some traditional design into your home. The rich colours are ideal for this season and the coordinating reverse print adds some extra detail. Button fastening. Single includes 1 pillowcase, double, king and super king size include 2 pillowcases. 100% brushed cotton. Machine washable.",https://stevegiergiel.vivamknetwork.co.uk/media/catalog/product/cache/6517c62f5899ad6aa0ba23ceb3eeff97/1/2/12227_1.jpg,output\winter_warmers\cache\images\12227.jpg,output\winter_warmers\cache\images\12227_qr.png,,active,
13838,Classic Tartan Duvet Set - Red (Super King Size),£38.00,£28.50,£9.50,25%,https://stevegiergiel.vivamknetwork.co.uk/classic-tartan-duvet-set-red-super-king-size.html,"This classic tartan check duvet cover, available in red or blue, is the perfect way to add some traditional design into your home. The rich colours are ideal for this season and the coordinating reverse print adds some extra detail. Button fastening. Single includes 1 pillowcase, double, king and super king size include 2 pillowcases. 100% brushed cotton. Machine washable.",https://stevegiergiel.vivamknetwork.co.uk/media/catalog/product/cache/6517c62f5899ad6aa0ba23ceb3eeff97/1/3/13838.jpg,output\winter_warmers\cache\images\13838.jpg,output\winter_warmers\cache\images\13838_qr.png,,active,
14606,Classic Tartan Duvet Set - Terracotta (Double),£28.00,£21.00,£7.00,25%,https://stevegiergiel.vivamknetwork.co.uk/classic-tartan-duvet-set-terracotta-double.html,"Add a warm and cosy touch to your bedroom this winter with this classic tartan check duvet cover. Perfect for bringing traditional charm into your home, the rich, seasonal colours create an inviting atmosphere for the colder months. The coordinating reverse print adds an extra layer of detail, making it a stylish and comforting choice for winter nights. Fully reversible. Single includes 1 pillowcase, double, king and super king size include 2 pillowcases. Button fastening.100% brushed cotton. Machine washable.",https://stevegiergiel.vivamknetwork.co.uk/media/catalog/product/cache/6517c62f5899ad6aa0ba23ceb3eeff97/1/4/14606.jpg,output\winter_warmers\cache\images\14606.jpg,output\winter_warmers\cache\images\14606_qr.png,,active,
14607,Classic Tartan Duvet Set - Terracotta (King Size),£34.00,£25.50,£8.50,25%,https://stevegiergiel.vivamknetwork.co.uk/classic-tartan-duvet-set-terracotta-king-size.html,"Add a warm and cosy touch to your bedroom this winter with this classic tartan check duvet cover. Perfect for bringing traditional charm into your home, the rich, seasonal colours create an inviting atmosphere for the colder months. The coordinating reverse print adds an extra layer of detail, making it a stylish and comforting choice for winter nights. Fully reversible. Single includes 1 pillowcase, double, king and super king size include 2 pillowcases. Button fastening.100% brushed cotton. Machine washable.",https://stevegiergiel.vivamknetwork.co.uk/media/catalog/product/cache/6517c62f5899ad6aa0ba23ceb3eeff97/1/4/14607.jpg,output\winter_warmers\cache\images\14607.jpg,output\winter_warmers\cache\images\14607_qr.png,,active,
14608,Classic Tartan Duvet Set - Terracotta (Super King Size),£38.00,£28.50,£9.50,25%,https://stevegiergiel.vivamknetwork.co.uk/classic-tartan-duvet-set-terracotta-super-king-size.html,"Add a warm and cosy touch to your bedroom this winter with this classic tartan check duvet cover. Perfect for bringing traditional charm into your home, the rich, seasonal colours create an inviting atmosphere for the colder months. The coordinating reverse print adds an extra layer of detail, making it a stylish and comforting choice for winter nights. Fully reversible. Single includes 1 pillowcase, double, king and super king size include 2 pillowcases. Button fastening.100% brushed cotton. Machine washable.",https://stevegiergiel.vivamknetwork.co.uk/media/catalog/product/cache/6517c62f5899ad6aa0ba23ceb3eeff97/1/4/14608.jpg,output\winter_warmers\cache\images\14608.jpg,output\winter_warmers\cache\images\14608_qr.png,,active,
14002,Daisy Umbrella,£8.00,£6.00,£2.00,25%,https://stevegiergiel.vivamknetwork.co.uk/daisy-umbrella.html,"Stay dry this season with our stylish daisy print compact umbrella. A must-have everyday accessory, it's easy to fold, slip into your bag, and carry for unexpected showers. After using, simply leave it open to dry before storing it in the convenient sleeve. Keep it in your desk, car, or suitcase to ensure you're ready for any weather. Polyester. Open: L52 x W90cm approx. Closed: L22 x W4.5 x D4.5cm.",https://stevegiergiel.vivamknetwork.co.uk/media/catalog/product/cache/6517c62f5899ad6aa0ba23ceb3eeff97/1/4/14002.jpg,output\winter_warmers\cache\images\14002.jpg,output\winter_warmers\cache\images\14002_qr.png,,active,
13829,Digital Thermometer,£5.00,£3.75,£1.25,25%,https://stevegiergiel.vivamknetwork.co.uk/digital-thermometer.html,Great for taking oral or underarm temperature. Instant results with fever alarm. Flexible tip and water resistant. Intended for home use. Suitable for all ages. Presented in a plastic case. Cell battery (included). Plastic & stainless steel. L12.5cm.,https://stevegiergiel.vivamknetwork.co.uk/media/catalog/product/cache/6517c62f5899ad6aa0ba23ceb3eeff97/1/3/13829.jpg,output\winter_warmers\cache\images\13829.jpg,output\winter_warmers\cache\images\13829_qr.png,,active,
14677,Fluffy Beanie with Faux Pearl - Cream,£8.50,£6.38,£2.12,25%,https://stevegiergiel.vivamknetwork.co.uk/fluffy-beanie-with-faux-pearl-cream.html,"Wrap yourself in winter elegance with our gorgeous, fluffy faux pearl ladies’ beanie hat. Designed for ultimate cosiness, each piece features beautiful, eye-catching faux pearl embellishments. Available in soft lilac and classic cream, these accessories are the perfect way to stay stylish and snug all season long. One size fits most. Machine washable. Material: polyester, acrylic, polyamide & elastane. Matching scarf available.",https://stevegiergiel.vivamknetwork.co.uk/media/catalog/product/cache/6517c62f5899ad6aa0ba23ceb3eeff97/1/4/14677.jpg,output\winter_warmers\cache\images\14677.jpg,output\winter_warmers\cache\images\14677_qr.png,,active,
14675,Fluffy Beanie with Faux Pearl - Lilac,£8.50,£6.38,£2.12,25%,https://stevegiergiel.vivamknetwork.co.uk/fluffy-beanie-with-faux-pearl-lilac.html,"Wrap yourself in winter elegance with our gorgeous, fluffy faux pearl ladies’ beanie hat. Designed for ultimate cosiness, each piece features beautiful, eye-catching faux pearl embellishments. Available in soft lilac and classic cream, these accessories are the perfect way to stay stylish and snug all season long. One size fits most. Machine washable. Material: polyester, acrylic, polyamide & elastane. Matching scarf available.",https://stevegiergiel.vivamknetwork.co.uk/media/catalog/product/cache/6517c62f5899ad6aa0ba23ceb3eeff97/1/4/14675.jpg,output\winter_warmers\cache\images\14675.jpg,output\winter_warmers\cache\images\14675_qr.png,,active,
14678,Fluffy Scarf with Faux Pearl - Cream,£16.50,£12.38,£4.12,25%,https://stevegiergiel.vivamknetwork.co.uk/fluffy-scarf-with-faux-pearl-cream.html,"Wrap yourself in winter elegance with our gorgeous, fluffy faux pearl ladies’ scarf. Designed for ultimate cosiness, each piece features beautiful, eye-catching faux pearl embellishments. Available in soft lilac and classic cream, these accessories are the perfect way to stay stylish and snug all season long. One size fits most. Machine washable. Material: polyester, acrylic, polyamide & elastane. Matching beanie hat available.",https://stevegiergiel.vivamknetwork.co.uk/media/catalog/product/cache/6517c62f5899ad6aa0ba23ceb3eeff97/1/4/14678.jpg,output\winter_warmers\cache\images\14678.jpg,output\winter_warmers\cache\images\14678_qr.png,,active,
14676,Fluffy Scarf with Faux Pearl - Lilac,£16.50,£12.38,£4.12,25%,https://stevegiergiel.vivamknetwork.co.uk/fluffy-scarf-with-faux-pearl-lilac.html,"Wrap yourself in winter elegance with our gorgeous, fluffy faux pearl ladies’ scarf. Designed for ultimate cosiness, each piece features beautiful, eye-catching faux pearl embellishments. Available in soft lilac and classic cream, these accessories are the perfect way to stay stylish and snug all season long. One size fits most. Machine washable. Material: polyester, acrylic, polyamide & elastane. Matching beanie hat available.",https://stevegiergiel.vivamknetwork.co.uk/media/catalog/product/cache/6517c62f5899ad6aa0ba23ceb3eeff97/1/4/14676.jpg,output\winter_warmers\cache\images\14676.jpg,output\winter_warmers\cache\images\14676_qr.png,,active,
14637,Foot Warmer Hot Water Bottle - Printed Plush,£14.00,£10.50,£3.50,25%,https://stevegiergiel.vivamknetwork.co.uk/foot-warmer-hot-water-bottle-printed-plush.html,"Keep your feet toasty with our cosy Foot Warmer Hot Water Bottle. Perfect for those with poor circulation or simply cold feet. Designed for maximum comfort, it comes in a luxuriously soft printed plush faux fur cover. Slip your feet in and feel the warmth instantly. Cover: 100% polyester & foam, hand wash. Inner: natural rubber. Capacity: 2 litres. L34 x W29cm",https://stevegiergiel.vivamknetwork.co.uk/media/catalog/product/cache/6517c62f5899ad6aa0ba23ceb3eeff97/1/4/14637.jpg,output\winter_warmers\cache\images\14637.jpg,output\winter_warmers\cache\images\14637_qr.png,,active,
13821,Foot Warmer Hot Water Bottle - Tartan,£14.00,£10.50,£3.50,25%,https://stevegiergiel.vivamknetwork.co.uk/foot-warmer-hot-water-bottle-tartan.html,"Great for keeping your feet warm, this cosy foot warmer hot water bottle features a classic tartan fleece cover. Ideal if you have poor circulation or cold feet. One size fits most. Cover: 100% polyester & foam. Inner: natural rubber. Capacity: 2 litres. L34 x W29cm. Hand wash.",https://stevegiergiel.vivamknetwork.co.uk/media/catalog/product/cache/6517c62f5899ad6aa0ba23ceb3eeff97/1/3/13821.jpg,output\winter_warmers\cache\images\13821.jpg,output\winter_warmers\cache\images\13821_qr.png,,active,
13827,Foot Warmer Inserts - 2 Pairs,£3.00,£2.25,£0.75,25%,https://stevegiergiel.vivamknetwork.co.uk/foot-warmer-inserts-2-pairs.html,"Provides instant warmth when you need it. Ideal for cold mornings, football matches, camping, travelling plus more. They’re air activated and odourless. Stays for warm up to 8 hours. Available in Hand Warmers (4 warmers per pack) or Toe Warmer Insoles (2 pairs per pack).",https://stevegiergiel.vivamknetwork.co.uk/media/catalog/product/cache/6517c62f5899ad6aa0ba23ceb3eeff97/1/3/13827.jpg,output\winter_warmers\cache\images\13827.jpg,output\winter_warmers\cache\images\13827_qr.png,,active,
14593,Grey Faux Fur Long Hot Water Bottle,£10.00,£7.50,£2.50,25%,https://stevegiergiel.vivamknetwork.co.uk/grey-faux-fur-long-hot-water-bottle.html,"Our long faux fur hot water bottle wraps perfectly around your shoulders, tummy, or legs for soothing warmth. With its soft cover and flexible shape, it’s ideal for easing aches or simply snuggling up all year round. Cover: 100% polyester, machine washable. Inner: natural rubber. Capacity: 2 litres. L72 x W12cm.",https://stevegiergiel.vivamknetwork.co.uk/media/catalog/product/cache/6517c62f5899ad6aa0ba23ceb3eeff97/1/4/14593.jpg,output\winter_warmers\cache\images\14593.jpg,output\winter_warmers\cache\images\14593_qr.png,,active,
14682,Heat Machine Showerproof Balaclava,£9.00,£6.75,£2.25,25%,https://stevegiergiel.vivamknetwork.co.uk/heat-machine-showerproof-balaclava.html,The ultimate stay dry thermal balaclava. Constructed with a showerproof hood and a fleece lining creating a thermal barrier to keep warm air close to your skin and bad weather out. Polyester. Machine washable. One size fits most. 2.5 tog rating.,https://stevegiergiel.vivamknetwork.co.uk/media/catalog/product/cache/6517c62f5899ad6aa0ba23ceb3eeff97/1/4/14682.jpg,output\winter_warmers\cache\images\14682.jpg,output\winter_warmers\cache\images\14682_qr.png,,active,
14673,Heat Machine Thermal Tassle Scarf,£6.50,£4.88,£1.62,25%,https://stevegiergiel.vivamknetwork.co.uk/heat-machine-thermal-tassle-scarf.html,"Stay warm and cosy this winter with our ultimate heat machine thermal fleece scarf. It offers exceptional warmth and comfort, making it ideal for chilly days and evenings. Polyester. Machine washable. One size fits most.",https://stevegiergiel.vivamknetwork.co.uk/media/catalog/product/cache/6517c62f5899ad6aa0ba23ceb3eeff97/1/4/14673.jpg,output\winter_warmers\cache\images\14673.jpg,output\winter_warmers\cache\images\14673_qr.png,,active,
14627,Highland Coo Microwavable Plush Neck Warmer - Lavender,£16.50,£12.38,£4.12,25%,https://stevegiergiel.vivamknetwork.co.uk/highland-coo-microwavable-plush-neck-warmer-lavender.html,"Designed for ultimate relaxation, this adorable, ultra-soft plush wraps gently around your neck, easing tension with the calming scent of natural lavender and the soothing warmth of a microwaveable heat pack. Cover: 100% polyester, machine washable. Inner: cotton with wheat & lavender seeds. L59 x W11 x D2cm.",https://stevegiergiel.vivamknetwork.co.uk/media/catalog/product/cache/6517c62f5899ad6aa0ba23ceb3eeff97/1/4/14627.jpg,output\winter_warmers\cache\images\14627.jpg,output\winter_warmers\cache\images\14627_qr.png,,active,
14628,Highland Coo Slippers,£23.50,£17.63,£5.87,25%,https://stevegiergiel.vivamknetwork.co.uk/highland-coo-slippers.html,"Step into cosiness with these ultra-soft Highland Coo slippers, each one shaped like a coo head. With their fuzzy charm, squishy comfort, and easy slip-on design, they’re the perfect blend of warmth and whimsy. A must-have for chilly mornings or lounging in true Highland style. Polyester with PE sole. Unisex. One size fits most.",https://stevegiergiel.vivamknetwork.co.uk/media/catalog/product/cache/6517c62f5899ad6aa0ba23ceb3eeff97/1/4/14628.jpg,output\winter_warmers\cache\images\14628.jpg,output\winter_warmers\cache\images\14628_qr.png,,active,
13844,Hooded Double Layer Blanket - Navy,£20.00,£15.00,£5.00,25%,https://stevegiergiel.vivamknetwork.co.uk/hooded-double-layer-blanket-navy.html,"Wrap up warm in this super soft & snug hooded blanket. The ultimate blend of comfort, practicality and cosiness. Features a hood, two pockets and sherpa lining. Perfect for snuggly days and chilly evenings. 100% polyester. Machine washable. L90 x W185cm.",https://stevegiergiel.vivamknetwork.co.uk/media/catalog/product/cache/6517c62f5899ad6aa0ba23ceb3eeff97/1/3/13844.jpg,output\winter_warmers\cache\images\13844.jpg,output\winter_warmers\cache\images\13844_qr.png,,active,
12291,Ice Scraper,£3.50,£2.63,£0.87,25%,https://stevegiergiel.vivamknetwork.co.uk/ice-scraper.html,Make the chore of removing frost and ice from your vehicle a breeze with this heavy-duty ice scraper. Soft grip handle with heavyduty plastic blade. L26 x W13cm. Colour may vary.,https://stevegiergiel.vivamknetwork.co.uk/media/catalog/product/cache/6517c62f5899ad6aa0ba23ceb3eeff97/1/2/12291_1.jpg,output\winter_warmers\cache\images\12291.jpg,output\winter_warmers\cache\images\12291_qr.png,,active,
14599,Ice Scraper with Fleece Glove,£4.50,£3.38,£1.12,25%,https://stevegiergiel.vivamknetwork.co.uk/ice-scraper-with-fleece-glove.html,"Say goodbye to frosty mornings with this convenient ice scraper. A cosy fleece glove with a built-in scraper that keeps your hands warm while you clear away ice and snow with ease. L26 x W17cm, polyester & plastic. Colour may vary.",https://stevegiergiel.vivamknetwork.co.uk/media/catalog/product/cache/6517c62f5899ad6aa0ba23ceb3eeff97/1/4/14599.jpg,output\winter_warmers\cache\images\14599.jpg,output\winter_warmers\cache\images\14599_qr.png,,active,
14591,Insulated Camping Mat,£9.50,£7.13,£2.37,25%,https://stevegiergiel.vivamknetwork.co.uk/insulated-camping-mat.html,"Stay warm and comfortable outdoors with this lightweight, compact insulated mat. Features an aluminium backing for moisture protection and heat reflection, plus quick-drying, easy-to-clean material. Ideal for outdoors or exercise. Roll up for easy storage. Pre-fitted roll straps. Wipe clean. EVA foam & aluminium. L180 x W50 x D0.6cm",https://stevegiergiel.vivamknetwork.co.uk/media/catalog/product/cache/6517c62f5899ad6aa0ba23ceb3eeff97/1/4/14591.jpg,output\winter_warmers\cache\images\14591.jpg,output\winter_warmers\cache\images\14591_qr.png,,active,
14799,Kids Oversized Plush Hoodie - Dark Grey,£14.50,£10.88,£3.62,25%,https://stevegiergiel.vivamknetwork.co.uk/kids-oversized-plush-hoodie-slate-grey.html,"Wrap your child in ultimate warmth and comfort with our oversized blanket hoodie. Designed for extra coverage, these ultra-soft hoodies feature a cosy hood and a large front pocket. Fleece lined hood.100% polyester. Machine washable. Unisex. Recommended for ages 7-13 years. L72 x W62cm approx.",https://stevegiergiel.vivamknetwork.co.uk/media/catalog/product/cache/6517c62f5899ad6aa0ba23ceb3eeff97/1/4/14799.jpg,output\winter_warmers\cache\images\14799.jpg,output\winter_warmers\cache\images\14799_qr.png,,active,
14672,Kids Oversized Plush Hoodie -Gamer,£17.50,£13.13,£4.37,25%,https://stevegiergiel.vivamknetwork.co.uk/kids-oversized-plush-hoodie-gamer.html,"Wrap your child in ultimate warmth and comfort with our oversized blanket hoodie. Designed for extra coverage, these ultra-soft hoodies feature a cosy hood and a large front pocket. Teddy fleece lined hood. 100% polyester. Machine washable. Unisex. Recommended for ages 7-13 years. L72 x W62cm approx.",https://stevegiergiel.vivamknetwork.co.uk/media/catalog/product/cache/6517c62f5899ad6aa0ba23ceb3eeff97/1/4/14672.jpg,output\winter_warmers\cache\images\14672.jpg,output\winter_warmers\cache\images\14672_qr.png,,active,
14644,Kleeneze Heated Under Blanket - King Size,£30.00,£22.50,£7.50,25%,https://stevegiergiel.vivamknetwork.co.uk/kleeneze-heated-under-blanket-king-size.html,"Say goodbye to chilly nights. Our heated under blanket is crafted from 100% non-woven polyester for a luxuriously soft feel and lasting durability. Designed to keep you warm and comfortable, it’s the perfect addition to your winter bedding. Features tie-down design. 3 Heat settings. Secure safety connector. LED power indicator light. Thermal-cut out device with controller. Machine washable. Mains operated. Available in 3 sizes: Single (L120 x W60cm, 35W), Double (L120 x W107cm, 60W), King Size (L130 x W120cm, 70W).",https://stevegiergiel.vivamknetwork.co.uk/media/catalog/product/cache/6517c62f5899ad6aa0ba23ceb3eeff97/1/4/14644.jpg,output\winter_warmers\cache\images\14644.jpg,output\winter_warmers\cache\images\14644_qr.png,,active,
14679,Ladies Thermal Socks - pack of 3,£6.00,£4.50,£1.50,25%,https://stevegiergiel.vivamknetwork.co.uk/ladies-thermal-fairisle-socks-pack-of-3.html,"Stay warm and comfortable with our cosy thermal socks. Designed for all-day comfort, they keep your feet toasty while allowing them to breathe naturally. Machine washable. Polyester, cotton & elastane. Ladies UK size: 4-7. Pack of 3. Design and colour may vary.",https://stevegiergiel.vivamknetwork.co.uk/media/catalog/product/cache/6517c62f5899ad6aa0ba23ceb3eeff97/1/4/14679_1.jpg,output\winter_warmers\cache\images\14679.jpg,output\winter_warmers\cache\images\14679_qr.png,,active,
12203,Luxury Draught Excluder - Westie,£18.50,£13.88,£4.62,25%,https://stevegiergiel.vivamknetwork.co.uk/luxury-draught-excluder-westie.html,Keep out chilly draughts and keep heat in with the luxury westie herringbone draught excluder. Luxury herringbone fabric. Polyester. Wipe clean. H22 x L85 x W13cm.,https://stevegiergiel.vivamknetwork.co.uk/media/catalog/product/cache/6517c62f5899ad6aa0ba23ceb3eeff97/1/2/12203_1.jpg,output\winter_warmers\cache\images\12203.jpg,output\winter_warmers\cache\images\12203_qr.png,,active,
14587,Luxury Satin Stripe 13.5 Tog Duvet - Single,£22.50,£16.88,£5.62,25%,https://stevegiergiel.vivamknetwork.co.uk/luxury-satin-stripe-13-5-tog-duvet-single.html,"Indulge in unparalleled comfort with our luxury satin stripe 13.5 tog duvet, the ultimate blend of elegance and warmth. Designed for those who demand both style and performance, this duvet transforms your sleep routine into a truly sumptuous experience. Machine washable. Outer: microfibre, filling: polyester. Available in single, double and king size.",https://stevegiergiel.vivamknetwork.co.uk/media/catalog/product/cache/6517c62f5899ad6aa0ba23ceb3eeff97/1/4/14587.jpg,output\winter_warmers\cache\images\14587.jpg,output\winter_warmers\cache\images\14587_qr.png,,active,
14635,Luxury Sherpa Throw - Dachshund,£18.00,£13.50,£4.50,25%,https://stevegiergiel.vivamknetwork.co.uk/luxury-sherpa-throw-dachshund.html,Wrap yourself in warmth with our luxury winter throws - perfect for chilly nights and cosy days in. Choose from a timeless classic tartan or an adorable dachshund design. It's super soft with sherpa reverse for extra snuggly comfort. 100% polyester. Machine washable. L150 x W120cm approx.,https://stevegiergiel.vivamknetwork.co.uk/media/catalog/product/cache/6517c62f5899ad6aa0ba23ceb3eeff97/1/4/14635.jpg,output\winter_warmers\cache\images\14635.jpg,output\winter_warmers\cache\images\14635_qr.png,,active,
14633,Luxury Super Soft Flannel Blanket - Dachshund,£12.00,£9.00,£3.00,25%,https://stevegiergiel.vivamknetwork.co.uk/luxury-super-soft-flannel-blanket-dachshund.html,Wrap yourself in warmth with our luxury winter throws - perfect for chilly nights and cosy days in. Choose from a timeless classic tartan or an adorable dachshund design. It's super soft and cosy. 100% polyester. Machine washable. L150 x W120cm approx.,https://stevegiergiel.vivamknetwork.co.uk/media/catalog/product/cache/6517c62f5899ad6aa0ba23ceb3eeff97/1/4/14633.jpg,output\winter_warmers\cache\images\14633.jpg,output\winter_warmers\cache\images\14633_qr.png,,active,
14616,Luxury Teddy Bedding Blue Chevron - Double,£29.50,£22.13,£7.37,25%,https://stevegiergiel.vivamknetwork.co.uk/luxury-teddy-bedding-blue-chevron-double.html,"Elevate your sleep experience with the perfect blend of style, warmth, and everyday luxury. Our luxurious fleece bedding is designed to turn every night into a cosy retreat. Featuring a gently raised textured pattern, it’s as inviting to the eye as it is to the touch. Fully reversible. Single includes 1 pillowcase, double and king size include 2 pillowcases. Button fastening. 100% polyester. Machine washable.",https://stevegiergiel.vivamknetwork.co.uk/media/catalog/product/cache/6517c62f5899ad6aa0ba23ceb3eeff97/1/4/14615_1.jpg,output\winter_warmers\cache\images\14616.jpg,output\winter_warmers\cache\images\14616_qr.png,,active,
14617,Luxury Teddy Bedding Blue Chevron - King Size,£35.50,£26.63,£8.87,25%,https://stevegiergiel.vivamknetwork.co.uk/luxury-teddy-bedding-blue-chevron-king-size.html,"Elevate your sleep experience with the perfect blend of style, warmth, and everyday luxury. Our luxurious fleece bedding is designed to turn every night into a cosy retreat. Featuring a gently raised textured pattern, it’s as inviting to the eye as it is to the touch. Fully reversible. Single includes 1 pillowcase, double and king size include 2 pillowcases. Button fastening. 100% polyester. Machine washable.",https://stevegiergiel.vivamknetwork.co.uk/media/catalog/product/cache/6517c62f5899ad6aa0ba23ceb3eeff97/1/4/14617.jpg,output\winter_warmers\cache\images\14617.jpg,output\winter_warmers\cache\images\14617_qr.png,,active,
14615,Luxury Teddy Bedding Blue Chevron - Single,£23.50,£17.63,£5.87,25%,https://stevegiergiel.vivamknetwork.co.uk/luxury-teddy-bedding-blue-chevron-single.html,"Elevate your sleep experience with the perfect blend of style, warmth, and everyday luxury. Our luxurious fleece bedding is designed to turn every night into a cosy retreat. Featuring a gently raised textured pattern, it’s as inviting to the eye as it is to the touch. Fully reversible. Single includes 1 pillowcase, double and king size include 2 pillowcases. Button fastening. 100% polyester. Machine washable.",https://stevegiergiel.vivamknetwork.co.uk/media/catalog/product/cache/6517c62f5899ad6aa0ba23ceb3eeff97/1/4/14615.jpg,output\winter_warmers\cache\images\14615.jpg,output\winter_warmers\cache\images\14615_qr.png,,active,
14610,Luxury Teddy Bedding Duck Egg Check - Double,£29.50,£22.13,£7.37,25%,https://stevegiergiel.vivamknetwork.co.uk/luxury-teddy-bedding-duck-egg-check-double.html,"Elevate your sleep experience with the perfect blend of style, warmth, and everyday luxury. Our luxurious fleece bedding is designed to turn every night into a cosy retreat. Featuring a gently raised textured pattern, it’s as inviting to the eye as it is to the touch. Fully reversible. Single includes 1 pillowcase, double and king size include 2 pillowcases. Button fastening. 100% polyester. Machine washable.",https://stevegiergiel.vivamknetwork.co.uk/media/catalog/product/cache/6517c62f5899ad6aa0ba23ceb3eeff97/1/4/14610.jpg,output\winter_warmers\cache\images\14610.jpg,output\winter_warmers\cache\images\14610_qr.png,,active,
14611,Luxury Teddy Bedding Duck Egg Check - King Size,£35.50,£26.63,£8.87,25%,https://stevegiergiel.vivamknetwork.co.uk/luxury-teddy-bedding-duck-egg-check-king-size.html,"Elevate your sleep experience with the perfect blend of style, warmth, and everyday luxury. Our luxurious fleece bedding is designed to turn every night into a cosy retreat. Featuring a gently raised textured pattern, it’s as inviting to the eye as it is to the touch. Fully reversible. Single includes 1 pillowcase, double and king size include 2 pillowcases. Button fastening. 100% polyester. Machine washable.",https://stevegiergiel.vivamknetwork.co.uk/media/catalog/product/cache/6517c62f5899ad6aa0ba23ceb3eeff97/1/4/14611.jpg,output\winter_warmers\cache\images\14611.jpg,output\winter_warmers\cache\images\14611_qr.png,,active,
14609,Luxury Teddy Bedding Duck Egg Check - Single,£23.50,£17.63,£5.87,25%,https://stevegiergiel.vivamknetwork.co.uk/luxury-teddy-bedding-duck-egg-check-single.html,"Elevate your sleep experience with the perfect blend of style, warmth, and everyday luxury. Our luxurious fleece bedding is designed to turn every night into a cosy retreat. Featuring a gently raised textured pattern, it’s as inviting to the eye as it is to the touch. Fully reversible. Single includes 1 pillowcase, double and king size include 2 pillowcases. Button fastening. 100% polyester. Machine washable.",https://stevegiergiel.vivamknetwork.co.uk/media/catalog/product/cache/6517c62f5899ad6aa0ba23ceb3eeff97/1/4/14609.jpg,output\winter_warmers\cache\images\14609.jpg,output\winter_warmers\cache\images\14609_qr.png,,active,
14625,Luxury Teddy Bedding Grey Diamond - Double,£29.50,£22.13,£7.37,25%,https://stevegiergiel.vivamknetwork.co.uk/luxury-teddy-bedding-grey-diamond-double.html,"Elevate your sleep experience with the perfect blend of style, warmth, and everyday luxury. Our luxurious fleece bedding is designed to turn every night into a cosy retreat. Featuring a gently raised diamond-textured pattern, it’s as inviting to the eye as it is to the touch. Fully reversible. Single includes 1 pillowcase, double and king size include 2 pillowcases. Button fastening. 100% polyester. Machine washable.",https://stevegiergiel.vivamknetwork.co.uk/media/catalog/product/cache/6517c62f5899ad6aa0ba23ceb3eeff97/1/4/14625.jpg,output\winter_warmers\cache\images\14625.jpg,output\winter_warmers\cache\images\14625_qr.png,,active,
14626,Luxury Teddy Bedding Grey Diamond - King Size,£35.50,£26.63,£8.87,25%,https://stevegiergiel.vivamknetwork.co.uk/luxury-teddy-bedding-grey-diamond-king-size.html,"Elevate your sleep experience with the perfect blend of style, warmth, and everyday luxury. Our luxurious fleece bedding is designed to turn every night into a cosy retreat. Featuring a gently raised diamond-textured pattern, it’s as inviting to the eye as it is to the touch. Fully reversible. Single includes 1 pillowcase, double and king size include 2 pillowcases. Button fastening. 100% polyester. Machine washable.",https://stevegiergiel.vivamknetwork.co.uk/media/catalog/product/cache/6517c62f5899ad6aa0ba23ceb3eeff97/1/4/14626.jpg,output\winter_warmers\cache\images\14626.jpg,output\winter_warmers\cache\images\14626_qr.png,,active,
14624,Luxury Teddy Bedding Grey Diamond - Single,£23.50,£17.63,£5.87,25%,https://stevegiergiel.vivamknetwork.co.uk/luxury-teddy-bedding-grey-diamond-single.html,"Elevate your sleep experience with the perfect blend of style, warmth, and everyday luxury. Our luxurious fleece bedding is designed to turn every night into a cosy retreat. Featuring a gently raised diamond-textured pattern, it’s as inviting to the eye as it is to the touch. Fully reversible. Single includes 1 pillowcase, double and king size include 2 pillowcases. Button fastening. 100% polyester. Machine washable.",https://stevegiergiel.vivamknetwork.co.uk/media/catalog/product/cache/6517c62f5899ad6aa0ba23ceb3eeff97/1/4/14624.jpg,output\winter_warmers\cache\images\14624.jpg,output\winter_warmers\cache\images\14624_qr.png,,active,
14613,Luxury Teddy Bedding Latte Waffle - Double,£29.50,£22.13,£7.37,25%,https://stevegiergiel.vivamknetwork.co.uk/luxury-teddy-bedding-latte-waffle-double.html,"Elevate your sleep experience with the perfect blend of style, warmth, and everyday luxury. Our luxurious fleece bedding is designed to turn every night into a cosy retreat. Featuring a gently raised textured pattern, it’s as inviting to the eye as it is to the touch. Fully reversible. Single includes 1 pillowcase, double and king size include 2 pillowcases. Button fastening. 100% polyester. Machine washable.",https://stevegiergiel.vivamknetwork.co.uk/media/catalog/product/cache/6517c62f5899ad6aa0ba23ceb3eeff97/1/4/14612_1.jpg,output\winter_warmers\cache\images\14613.jpg,output\winter_warmers\cache\images\14613_qr.png,,active,
14614,Luxury Teddy Bedding Latte Waffle - King Size,£35.50,£26.63,£8.87,25%,https://stevegiergiel.vivamknetwork.co.uk/luxury-teddy-bedding-latte-waffle-king-size.html,"Elevate your sleep experience with the perfect blend of style, warmth, and everyday luxury. Our luxurious fleece bedding is designed to turn every night into a cosy retreat. Featuring a gently raised textured pattern, it’s as inviting to the eye as it is to the touch. Fully reversible. Single includes 1 pillowcase, double and king size include 2 pillowcases. Button fastening. 100% polyester. Machine washable.",https://stevegiergiel.vivamknetwork.co.uk/media/catalog/product/cache/6517c62f5899ad6aa0ba23ceb3eeff97/1/4/14614.jpg,output\winter_warmers\cache\images\14614.jpg,output\winter_warmers\cache\images\14614_qr.png,,active,
14612,Luxury Teddy Bedding Latte Waffle - Single,£23.50,£17.63,£5.87,25%,https://stevegiergiel.vivamknetwork.co.uk/luxury-teddy-bedding-latte-waffle-single.html,"Elevate your sleep experience with the perfect blend of style, warmth, and everyday luxury. Our luxurious fleece bedding is designed to turn every night into a cosy retreat. Featuring a gently raised textured pattern, it’s as inviting to the eye as it is to the touch. Fully reversible. Single includes 1 pillowcase, double and king size include 2 pillowcases. Button fastening. 100% polyester. Machine washable.",https://stevegiergiel.vivamknetwork.co.uk/media/catalog/product/cache/6517c62f5899ad6aa0ba23ceb3eeff97/1/4/14612.jpg,output\winter_warmers\cache\images\14612.jpg,output\winter_warmers\cache\images\14612_qr.png,,active,
14623,Luxury Teddy Bedding Navy Diamond - King Size,£35.50,£26.63,£8.87,25%,https://stevegiergiel.vivamknetwork.co.uk/luxury-teddy-bedding-navy-diamond-king-size.html,"Elevate your sleep experience with the perfect blend of style, warmth, and everyday luxury. Our luxurious fleece bedding is designed to turn every night into a cosy retreat. Featuring a gently raised diamond-textured pattern, it’s as inviting to the eye as it is to the touch. Fully reversible. Single includes 1 pillowcase, double and king size include 2 pillowcases. Button fastening. 100% polyester. Machine washable.",https://stevegiergiel.vivamknetwork.co.uk/media/catalog/product/cache/6517c62f5899ad6aa0ba23ceb3eeff97/1/4/14623.jpg,output\winter_warmers\cache\images\14623.jpg,output\winter_warmers\cache\images\14623_qr.png,,active,
14621,Luxury Teddy Bedding Navy Diamond - Single,£23.50,£17.63,£5.87,25%,https://stevegiergiel.vivamknetwork.co.uk/luxury-teddy-bedding-navy-diamond-single.html,"Elevate your sleep experience with the perfect blend of style, warmth, and everyday luxury. Our luxurious fleece bedding is designed to turn every night into a cosy retreat. Featuring a gently raised diamond-textured pattern, it’s as inviting to the eye as it is to the touch. Fully reversible. Single includes 1 pillowcase, double and king size include 2 pillowcases. Button fastening. 100% polyester. Machine washable.",https://stevegiergiel.vivamknetwork.co.uk/media/catalog/product/cache/6517c62f5899ad6aa0ba23ceb3eeff97/1/4/14621.jpg,output\winter_warmers\cache\images\14621.jpg,output\winter_warmers\cache\images\14621_qr.png,,active,
14656,Massaging Foot Warmer,£22.50,£16.88,£5.62,25%,https://stevegiergiel.vivamknetwork.co.uk/massaging-foot-warmer.html,"Instantly soothe tired feet with this ultra soft foot warmer. It gently heats while delivering calm, relaxing vibrations to ease muscle tension and promote overall wellbeing. Polyester. Spot clean. USB-powered (cable included, L1.7m). One size fits most. L33 x W30 x D10cm.",https://stevegiergiel.vivamknetwork.co.uk/media/catalog/product/cache/6517c62f5899ad6aa0ba23ceb3eeff97/1/4/14656.jpg,output\winter_warmers\cache\images\14656.jpg,output\winter_warmers\cache\images\14656_qr.png,,active,
14592,Mini Ultra Bright LED Lantern,£8.50,£6.38,£2.12,25%,https://stevegiergiel.vivamknetwork.co.uk/ultra-bright-led-lantern.html,"Illuminate your outdoor adventures with this portable lantern featuring 12 ultra-bright white LEDs. Designed for practicality, it has a built-in compass, a folding handle that doubles as a hook. Dimmer function. Requires 3xAA batteries (not included). Plastic. H19 x W9cm approx.",https://stevegiergiel.vivamknetwork.co.uk/media/catalog/product/cache/6517c62f5899ad6aa0ba23ceb3eeff97/1/4/14592.jpg,output\winter_warmers\cache\images\14592.jpg,output\winter_warmers\cache\images\14592_qr.png,,active,
14630,Nordic Design Fur Lined Slipper Socks,£7.00,£5.25,£1.75,25%,https://stevegiergiel.vivamknetwork.co.uk/nordic-design-fur-lined-slipper-socks.html,"Stay warm and ultra cosy with our faux fur lined slipper socks - soft, snug, and gripped for safety with every step. Machine washable. Outer: acrylic, inner: polyester. One size fits most. Colour may vary.",https://stevegiergiel.vivamknetwork.co.uk/media/catalog/product/cache/6517c62f5899ad6aa0ba23ceb3eeff97/1/4/14630.jpg,output\winter_warmers\cache\images\14630.jpg,output\winter_warmers\cache\images\14630_qr.png,,active,
14595,Novelty Hot Water Bottle - Fox,£14.00,£10.50,£3.50,25%,https://stevegiergiel.vivamknetwork.co.uk/novelty-hot-water-bottle-fox.html,"Say goodbye to winter chill with our irresistibly cute and ultra-soft faux fur hot water bottles. Designed for maximum snuggle factor, they’re available in two adorable styles - a playful penguin or a charming fox. Whether you're curling up on the sofa or heading to bed, these cosy companions bring instant warmth & comfort. Cover: 100% polyester, machine washable. Inner: natural rubber. Capacity: 2 litres.",https://stevegiergiel.vivamknetwork.co.uk/media/catalog/product/cache/6517c62f5899ad6aa0ba23ceb3eeff97/1/4/14595.jpg,output\winter_warmers\cache\images\14595.jpg,output\winter_warmers\cache\images\14595_qr.png,,active,
14594,Novelty Hot Water Bottle - Penguin,£14.00,£10.50,£3.50,25%,https://stevegiergiel.vivamknetwork.co.uk/novelty-hot-water-bottle-penguin.html,"Say goodbye to winter chill with our irresistibly cute and ultra-soft faux fur hot water bottles. Designed for maximum snuggle factor, they’re available in two adorable styles - a playful penguin or a charming fox. Whether you're curling up on the sofa or heading to bed, these cosy companions bring instant warmth & comfort. Cover: 100% polyester, machine washable. Inner: natural rubber. Capacity: 2 litres.",https://stevegiergiel.vivamknetwork.co.uk/media/catalog/product/cache/6517c62f5899ad6aa0ba23ceb3eeff97/1/4/14594.jpg,output\winter_warmers\cache\images\14594.jpg,output\winter_warmers\cache\images\14594_qr.png,,active,
12885,Oversized Blanket Hoodie - Buzzy Bees,£21.50,£16.13,£5.37,25%,https://stevegiergiel.vivamknetwork.co.uk/sherpa-hoodie-bumble-bees.html,"ULTRA-SOFT, hooded, wearable blankets, perfect for chilly nights at home (and keeping heating bills under control). Unisex.One size fits all. 100% polyester. W85cm. Shoulder to hem: 88cm",https://stevegiergiel.vivamknetwork.co.uk/media/catalog/product/cache/6517c62f5899ad6aa0ba23ceb3eeff97/b/e/bees_back.jpg,output\winter_warmers\cache\images\12885.jpg,output\winter_warmers\cache\images\12885_qr.png,,active,
12888,Oversized Blanket Hoodie - Cute Kittens,£21.50,£16.13,£5.37,25%,https://stevegiergiel.vivamknetwork.co.uk/sherpa-hoodie-kittens.html,"ULTRA-SOFT, hooded, wearable blankets, perfect for chilly nights at home (and keeping heating bills under control). Unisex.One size fits all. 100% polyester. W85cm. Shoulder to hem: 88cm",https://stevegiergiel.vivamknetwork.co.uk/media/catalog/product/cache/6517c62f5899ad6aa0ba23ceb3eeff97/k/i/kitties_back.jpg,output\winter_warmers\cache\images\12888.jpg,output\winter_warmers\cache\images\12888_qr.png,,active,
12890,Oversized Blanket Hoodie - Skater Dogs,£21.50,£16.13,£5.37,25%,https://stevegiergiel.vivamknetwork.co.uk/sherpa-hoodie-skater-dog.html,"ULTRA-SOFT, hooded, wearable blankets, perfect for chilly nights at home (and keeping heating bills under control). Unisex.One size fits all. 100% polyester. W85cm. Shoulder to hem: 88cm",https://stevegiergiel.vivamknetwork.co.uk/media/catalog/product/cache/6517c62f5899ad6aa0ba23ceb3eeff97/s/k/skater_dog_back.jpg,output\winter_warmers\cache\images\12890.jpg,output\winter_warmers\cache\images\12890_qr.png,,active,
14662,Pack of 35 Sleep Tumble Dryer Sheets - Lavender & Chamomile,£3.00,£2.25,£0.75,25%,https://stevegiergiel.vivamknetwork.co.uk/pack-of-35-sleep-tumble-dryer-sheets-lavender-chamomile.html,Keep your clothes smelling fresh and lovely while reducing creases and static. Simply pop one sheet into the dryer with your laundry for long-lasting fragrance and softness. Lavender & chamomile. Perfect for a peaceful nights sleep. Pack of 35.,https://stevegiergiel.vivamknetwork.co.uk/media/catalog/product/cache/6517c62f5899ad6aa0ba23ceb3eeff97/1/4/14662.jpg,output\winter_warmers\cache\images\14662.jpg,output\winter_warmers\cache\images\14662_qr.png,,active,
14598,Pair of Snow Spikes,£3.00,£2.25,£0.75,25%,https://stevegiergiel.vivamknetwork.co.uk/pair-of-snow-spikes.html,"Stay steady on icy paths with these Snow Spikes. Designed to improve grip and reduce slips on snow or frost, they feature an easy-attach Velcro strap that fits securely over your shoes. Simple, reliable, and perfect for winter walks. Velcro, rubber, plastic, & metal. One size fits most. 5 spikes per shoe.",https://stevegiergiel.vivamknetwork.co.uk/media/catalog/product/cache/6517c62f5899ad6aa0ba23ceb3eeff97/1/4/14598.jpg,output\winter_warmers\cache\images\14598.jpg,output\winter_warmers\cache\images\14598_qr.png,,active,
14667,Purple Iridescent Star Oil & Wax Burner,£12.50,£9.38,£3.12,25%,https://stevegiergiel.vivamknetwork.co.uk/purple-iridescent-star-oil-wax-burner.html,Add a touch of magic with this purple iridescent oil & wax burner. Its star-shaped cut outs glow beautifully as your favourite scent fills the room. Pair it with your favourite fragrance oil or wax melts. Comes boxed. Ceramic. H9 x W11.5cm.,https://stevegiergiel.vivamknetwork.co.uk/media/catalog/product/cache/6517c62f5899ad6aa0ba23ceb3eeff97/1/4/14667.jpg,output\winter_warmers\cache\images\14667.jpg,output\winter_warmers\cache\images\14667_qr.png,,active,
14636,Sleep Travel Set - 3 Piece,£19.50,£14.63,£4.87,25%,https://stevegiergiel.vivamknetwork.co.uk/sleep-travel-set-3-piece.html,"Wherever you go, travel in comfort with this must have 3-piece set, your ultimate travel buddy for every journey, whether by plane, train, car, or coach. 100% polyester. Throw (L152 x W127cm approx, machine washable), neck pillow (one size, spot clean), eye mask (one size, hand wash).",https://stevegiergiel.vivamknetwork.co.uk/media/catalog/product/cache/6517c62f5899ad6aa0ba23ceb3eeff97/1/4/14636.jpg,output\winter_warmers\cache\images\14636.jpg,output\winter_warmers\cache\images\14636_qr.png,,active,
14654,Stainless Steel Flask & Gloves Gift Set,£14.00,£10.50,£3.50,25%,https://stevegiergiel.vivamknetwork.co.uk/stainless-steel-flask-gloves-gift-set.html,"Keep cosy on the go. This stylish flask and gloves set makes the perfect winter gift - ideal for staying warm and enjoying your favourite drinks wherever you are. Gloves: 100% acrylic, adult - one size fits most, machine washable. Flask: stainless steel, 500ml, hand wash. Colour will vary (between blue or black).",https://stevegiergiel.vivamknetwork.co.uk/media/catalog/product/cache/6517c62f5899ad6aa0ba23ceb3eeff97/1/4/14654.jpg,output\winter_warmers\cache\images\14654.jpg,output\winter_warmers\cache\images\14654_qr.png,,active,
14651,Super Bright LED Torch,£7.00,£5.25,£1.75,25%,https://stevegiergiel.vivamknetwork.co.uk/super-bright-led-torch.html,"This super bright LED torch is perfect for camping, travel, or home use. Features high, low, and flash modes with an easy push-button and a lightweight wrist strap for convenience. 3 light modes. 70 lumens. Non-slip handle. Requires 3xAAA batteries (not included). Aluminium and plastic. L15.5 x W3cm.",https://stevegiergiel.vivamknetwork.co.uk/media/catalog/product/cache/6517c62f5899ad6aa0ba23ceb3eeff97/1/4/14651.jpg,output\winter_warmers\cache\images\14651.jpg,output\winter_warmers\cache\images\14651_qr.png,,active,
14604,Teddy Fitted Sheet (Cream) - King Size,£14.00,£10.50,£3.50,25%,https://stevegiergiel.vivamknetwork.co.uk/teddy-fitted-sheet-cream-king-size.html,"A winter essential for ultimate cosiness and style. Embrace the season with our fitted teddy sheet. Crafted for warmth and energy efficiency, these sheets promise a snug, cost-effective slumber. Cream. 100% polyester. Machine washable. Available in single, double and king size.",https://stevegiergiel.vivamknetwork.co.uk/media/catalog/product/cache/6517c62f5899ad6aa0ba23ceb3eeff97/1/4/14604.jpg,output\winter_warmers\cache\images\14604.jpg,output\winter_warmers\cache\images\14604_qr.png,,active,
14631,Thermal Door Curtain - Grey,£17.50,£13.13,£4.37,25%,https://stevegiergiel.vivamknetwork.co.uk/thermal-door-curtain-grey.html,"Reduce energy costs with our embossed thermal door curtain in a stylish grey colourway. Designed to retain heat while complementing any interior theme, it’s both practical and elegant. Machine washable. Polyester. L213 x W117cm approx. Curtain pole not included.",https://stevegiergiel.vivamknetwork.co.uk/media/catalog/product/cache/6517c62f5899ad6aa0ba23ceb3eeff97/1/4/14631.jpg,output\winter_warmers\cache\images\14631.jpg,output\winter_warmers\cache\images\14631_qr.png,,active,
14600,Thermal Fleece Insoles - 2 Pairs,£3.50,£2.63,£0.87,25%,https://stevegiergiel.vivamknetwork.co.uk/thermal-fleece-insoles-2-pairs.html,"These Fleece Thermal Insoles keep your feet cosy with a soft fleece top layer that traps heat and provides cushioned comfort all day. The insulating material shields against cold surfaces, making them perfect for boots, work shoes, or everyday wear. Shock absorbing. One size fits most. Trim to fit using the marked guidelines. Each pack includes 2 pairs.",https://stevegiergiel.vivamknetwork.co.uk/media/catalog/product/cache/6517c62f5899ad6aa0ba23ceb3eeff97/1/4/14600.jpg,output\winter_warmers\cache\images\14600.jpg,output\winter_warmers\cache\images\14600_qr.png,,active,
13941,Thermo Max Fleece Snood,£4.00,£3.00,£1.00,25%,https://stevegiergiel.vivamknetwork.co.uk/thermo-max-fleece-snood.html,"Designed for ultimate warmth and versatility, this snood features a polar fleece construction to protect you in cold weather. With an adjustable elasticated toggle and drawstring, it can quickly transform into a neck warmer, balaclava, mask, ski hat, or snood - perfect for outdoor activities like walking, hiking, motorcycling, or football. 100% polyester. One size fits most. Machine washable.",https://stevegiergiel.vivamknetwork.co.uk/media/catalog/product/cache/6517c62f5899ad6aa0ba23ceb3eeff97/1/3/13941.jpg,output\winter_warmers\cache\images\13941.jpg,output\winter_warmers\cache\images\13941_qr.png,,active,
13825,Thermo Max Gloves,£5.50,£4.13,£1.37,25%,https://stevegiergiel.vivamknetwork.co.uk/thermal-lined-water-resistant-knitted-gloves.html,"These thermo max hats and gloves will ensure you are always warm this winter. Fleece lined & extra warm. Hat: outer 60% acrylic & 40% mixed fibres, inner 65% polypropylene & 35% polyester. Gloves: 100% polyester. Machine washable. One size fits most.",https://stevegiergiel.vivamknetwork.co.uk/media/catalog/product/cache/6517c62f5899ad6aa0ba23ceb3eeff97/1/3/13825.jpg,output\winter_warmers\cache\images\13825.jpg,output\winter_warmers\cache\images\13825_qr.png,,active,
13853,Thermo Max Ribbed Hat - Black,£5.50,£4.13,£1.37,25%,https://stevegiergiel.vivamknetwork.co.uk/thermo-max-ribbed-hat-black.html,"These thermo max hats and gloves will ensure you are always warm this winter. Fleece lined & extra warm. Hat: outer 60% acrylic & 40% mixed fibres, inner 65% polypropylene & 35% polyester. Gloves: 100% polyester. Machine washable. One size fits most.",https://stevegiergiel.vivamknetwork.co.uk/media/catalog/product/cache/6517c62f5899ad6aa0ba23ceb3eeff97/1/3/13853.jpg,output\winter_warmers\cache\images\13853.jpg,output\winter_warmers\cache\images\13853_qr.png,,active,
13826,Thermo Max Ribbed Hat - Grey,£5.50,£4.13,£1.37,25%,https://stevegiergiel.vivamknetwork.co.uk/thermal-lined-water-resistant-knitted-hat.html,"These thermo max hats and gloves will ensure you are always warm this winter. Fleece lined & extra warm. Hat: outer 60% acrylic & 40% mixed fibres, inner 65% polypropylene & 35% polyester. Gloves: 100% polyester. Machine washable. One size fits most.",https://stevegiergiel.vivamknetwork.co.uk/media/catalog/product/cache/6517c62f5899ad6aa0ba23ceb3eeff97/1/3/13826.jpg,output\winter_warmers\cache\images\13826.jpg,output\winter_warmers\cache\images\13826_qr.png,,active,
14681,Touch Screen Thermal Gloves - Adults,£7.00,£5.25,£1.75,25%,https://stevegiergiel.vivamknetwork.co.uk/touch-screen-thermal-gloves-adults.html,"Experience ultimate comfort and functionality with our Touch Screen Thermal Gloves. Designed for cold weather, these gloves feature a soft fleece lining that keeps your hands cosy, while the gripper palm ensures a secure hold on your phone, keys, or outdoor gear. Machine washable. Polyester. One size fits most.",https://stevegiergiel.vivamknetwork.co.uk/media/catalog/product/cache/6517c62f5899ad6aa0ba23ceb3eeff97/1/4/14681.jpg,output\winter_warmers\cache\images\14681.jpg,output\winter_warmers\cache\images\14681_qr.png,,active,
13833,Universal 12v Heated Seat Cushion,£22.50,£16.88,£5.62,25%,https://stevegiergiel.vivamknetwork.co.uk/universal-12v-heated-seat-cushion.html,"This heated seat cushion is the ultimate winter car accessory. Designed to heat both the seat and the back area. Built-in thermostat to protect against over heating. Use the controller to turn on/off and adjust temperature setting. Easy to fit with straps. Universal fit, plugs into 12v power socket. Polyester, elastic & electrical components. Cover: L97 x W50cm. Lead: L130cm.",https://stevegiergiel.vivamknetwork.co.uk/media/catalog/product/cache/6517c62f5899ad6aa0ba23ceb3eeff97/1/3/13833.jpg,output\winter_warmers\cache\images\13833.jpg,output\winter_warmers\cache\images\13833_qr.png,,active,
12177,Vapour Oil,£3.50,£2.63,£0.87,25%,https://stevegiergiel.vivamknetwork.co.uk/vapour-oil.html,Vapour oil is ideal for colder months and blocked noses. Simply add a few drops to water in an oil burner or in a bath. It contains soothing menthol & eucalyptol. Vegan. 10ml.,https://stevegiergiel.vivamknetwork.co.uk/media/catalog/product/cache/6517c62f5899ad6aa0ba23ceb3eeff97/1/2/12177.jpg,output\winter_warmers\cache\images\12177.jpg,output\winter_warmers\cache\images\12177_qr.png,,active,
14664,Vapour Patch - Pack of 6,£3.00,£2.25,£0.75,25%,https://stevegiergiel.vivamknetwork.co.uk/vapour-patch-pack-of-6.html,"Experience fast, soothing relief from congestion with these convenient self adhesive Vapour Patches. Infused with a blend of menthol, camphor and eucalyptus oil, they promote cool, clear breathing - day or night. Simply stick, breathe, and feel the difference. Vegan. Pack of 6.",https://stevegiergiel.vivamknetwork.co.uk/media/catalog/product/cache/6517c62f5899ad6aa0ba23ceb3eeff97/1/4/14664.jpg,output\winter_warmers\cache\images\14664.jpg,output\winter_warmers\cache\images\14664_qr.png,,active,
14601,Window Insulation Kit,£3.00,£2.25,£0.75,25%,https://stevegiergiel.vivamknetwork.co.uk/window-insulation-kit.html,"Stay warm and save energy with our Window Insulation Kit. This easy DIY film seals out cold air, cuts heat loss by up to 40%, and keeps your home cosy without blocking light or views. Insulates 2 windows (1 x 1.5m approx.). Includes 1 x shrink film (L1.82 x W1.57m) & 1 x adhesive tape (L10.1m).",https://stevegiergiel.vivamknetwork.co.uk/media/catalog/product/cache/6517c62f5899ad6aa0ba23ceb3eeff97/1/4/14601.jpg,output\winter_warmers\cache\images\14601.jpg,output\winter_warmers\cache\images\14601_qr.png,,active,
13830,Windscreen Frost Shield,£4.00,£3.00,£1.00,25%,https://stevegiergiel.vivamknetwork.co.uk/windscreen-frost-shield.html,Protect your windscreen from damaging frost and ice. Uses thermo-action to stop frost and ice build-up. Easy to use and simple to fit. Includes 4 x suction cups. Plastic. L185 x W85cm.,https://stevegiergiel.vivamknetwork.co.uk/media/catalog/product/cache/6517c62f5899ad6aa0ba23ceb3eeff97/1/3/13830_2.jpg,output\winter_warmers\cache\images\13830.jpg,output\winter_warmers\cache\images\13830_qr.png,,active,
14646,Winged Heated Airer Cover,£10.00,£7.50,£2.50,25%,https://stevegiergiel.vivamknetwork.co.uk/winged-heated-airer-cover.html,"Specially designed for heated airers with wings, this cover traps and circulates warm air to speed up drying time. Perfect for clothes, bedding, and towels, it’s an ideal indoor drying solution for any home. Energy-efficient & effortless drying. When you’re done, simply fold it away - it’s lightweight, compact, and easy to store. Suitable for most winged heated airers. Polyester. Machine washable. H70 x W146 x D54cm approx. Heated airer not included.",https://stevegiergiel.vivamknetwork.co.uk/media/catalog/product/cache/6517c62f5899ad6aa0ba23ceb3eeff97/1/4/14646.jpg,output\winter_warmers\cache\images\14646.jpg,output\winter_warmers\cache\images\14646_qr.png,,active,
13290,Wooden Wall Thermometer,£3.00,£2.25,£0.75,25%,https://stevegiergiel.vivamknetwork.co.uk/wooden-wall-thermometer.html,Keep track of the temperature in your home and garden with this wooden thermometer. Looks great in a traditional or contemporary space. With Centigrade and Fahrenheit reading. Easy read red line temperature display. Indoor or outdoor use. Wood. H22 x W5 x D0.7cm approx.,https://stevegiergiel.vivamknetwork.co.uk/media/catalog/product/cache/6517c62f5899ad6aa0ba23ceb3eeff97/w/w/wwwwww.png,output\winter_warmers\cache\images\13290.jpg,output\winter_warmers\cache\images\13290_qr.png,,active,
