sku,product,was,now,saving,percent,product_url,description,image_url,image_file
14360,Puzzle Tin - Cocomelon,£5.00,£2.50,£2.50,50%,https://stevegiergiel.vivamknetwork.co.uk/puzzle-tin-cocomelon.html,"This 48-piece vibrant wooden jigsaw features JJ and friends, great for little people who are developing fine motor skills and problem-solving abilities. Packaged in a metal tin. Finished puzzle size: L20 x W16cm. Suitable for ages 3+.",https://stevegiergiel.vivamknetwork.co.uk/media/catalog/product/cache/6517c62f5899ad6aa0ba23ceb3eeff97/a/c/ac405035-7112-443b-bbf6-849301df564a.jpeg,christmas_booklet_output\cache\14360.jpeg
90284,Santa Jigsaw - 1000 Piece,£15.00,£7.50,£7.50,50%,https://stevegiergiel.vivamknetwork.co.uk/1000-piece-santa-jigsaw.html,Festive Santa Claus putting gifts under the tree jigsaw puzzle. Original Richard Macneil art. Not suitable for children under 3 years,https://stevegiergiel.vivamknetwork.co.uk/media/catalog/product/cache/6517c62f5899ad6aa0ba23ceb3eeff97/9/0/90284.jpg,christmas_booklet_output\cache\90284.jpg
90347,Mini Traditional Santa Cards,£2.50,£1.00,£1.50,60%,https://stevegiergiel.vivamknetwork.co.uk/mini-traditional-santa-cards.html,16 cards in 4 designs. Envelopes included. Size: H9 x W7.5cm,https://stevegiergiel.vivamknetwork.co.uk/media/catalog/product/cache/6517c62f5899ad6aa0ba23ceb3eeff97/9/0/90347.jpg,christmas_booklet_output\cache\90347.jpg
90359,Santa & Reindeer Footprint Stencils,£3.00,£1.00,£2.00,67%,https://stevegiergiel.vivamknetwork.co.uk/santa-reindeer-footprint-stencils.html,Create a magical feel in your home this Christmas with the Santa & Reindeer Footprint Stencils. Simply use white snow spray over the stencil to create footprints in your home and garden. Each stencil: H30 x W15cm.,https://stevegiergiel.vivamknetwork.co.uk/media/catalog/product/cache/6517c62f5899ad6aa0ba23ceb3eeff97/9/0/90359.jpg,christmas_booklet_output\cache\90359.jpg
90365,Santa CAM Bauble,£7.50,£3.75,£3.75,50%,https://stevegiergiel.vivamknetwork.co.uk/santa-cam-bauble.html,Santa is watching you! 8cm shatterproof red glitter Santa Cam bauble with lens - this is for show only. Size: H8 x W8cm.,https://stevegiergiel.vivamknetwork.co.uk/media/catalog/product/cache/6517c62f5899ad6aa0ba23ceb3eeff97/9/0/90365.jpg,christmas_booklet_output\cache\90365.jpg
90380,9ft Snow Tipped Garland,£17.00,£8.50,£8.50,50%,https://stevegiergiel.vivamknetwork.co.uk/9ft-snow-tipped-garland.html,"Our two garlands, both with 240 tips, are great for adding décor to staircases, mantlepieces, windows and much more. Made from PVC. Fairy lights not included. Size of each garland is: L275 x W25cm.",https://stevegiergiel.vivamknetwork.co.uk/media/catalog/product/cache/6517c62f5899ad6aa0ba23ceb3eeff97/9/0/90380.jpg,christmas_booklet_output\cache\90380.jpg
90449,Kid's Novelty Socks,£4.00,£1.50,£2.50,63%,https://stevegiergiel.vivamknetwork.co.uk/kid-s-novelty-socks.html,"Christmas wouldn’t be Christmas without novelty socks! We have something for all of the family. Mid-length. 75% Cotton, 23% Polyamide, 2% Elastane. Sizes: Pudding, children’s size, UK 8 ½ - 12. Unicorn, adult size UK 2 - 9.",https://stevegiergiel.vivamknetwork.co.uk/media/catalog/product/cache/6517c62f5899ad6aa0ba23ceb3eeff97/9/0/90449.jpg,christmas_booklet_output\cache\90449.jpg
90457,Magic Snow with Shovel,£3.50,£1.50,£2.00,57%,https://stevegiergiel.vivamknetwork.co.uk/magic-snow-with-shovel.html,"Do you want to build a snowman? Now you can! Mix the snow powder with water and have fun. Suitable for age 6+ years, adult supervision required.",https://stevegiergiel.vivamknetwork.co.uk/media/catalog/product/cache/6517c62f5899ad6aa0ba23ceb3eeff97/9/0/90457.jpg,christmas_booklet_output\cache\90457.jpg
90466,48 LED Blossom Tree - Warm White,£25.00,£12.50,£12.50,50%,https://stevegiergiel.vivamknetwork.co.uk/48-led-blossom-tree-warm-white.html,"This stylish LED blossom tree, available in two colours, will brighten up any indoor space instantly! Standing at 45cm tall and with 48 LED lights is it sure to create a warm atmosphere wherever it is placed. Mains powered. Size: H45 x W46cm.",https://stevegiergiel.vivamknetwork.co.uk/media/catalog/product/cache/6517c62f5899ad6aa0ba23ceb3eeff97/9/0/90466_1.jpg,christmas_booklet_output\cache\90466.jpg
90472,Eco Tape,£3.50,£1.75,£1.75,50%,https://stevegiergiel.vivamknetwork.co.uk/eco-tape.html,Be kind to the planet this Christmas with this eco-solution to wrap up your gifts! Made from kraft paper with 'Merry Christmas' script and a holy graphic. L25m x W2cm.,https://stevegiergiel.vivamknetwork.co.uk/media/catalog/product/cache/6517c62f5899ad6aa0ba23ceb3eeff97/9/0/90472.jpg,christmas_booklet_output\cache\90472.jpg
90478,Luxury Tags 16pk - Cute,£3.00,£1.50,£1.50,50%,https://stevegiergiel.vivamknetwork.co.uk/20-luxury-cute-gift-tags.html,"16 Luxury Gift Tags in 4 assorted designs, 4 of each design. Available in Cute, Traditional or Contemporary. Each comes with a complementary coloured string. Plastic-free packaging. Size of each: H11 x W6cm. Gold foil finish.",https://stevegiergiel.vivamknetwork.co.uk/media/catalog/product/cache/6517c62f5899ad6aa0ba23ceb3eeff97/9/0/90478.jpg,christmas_booklet_output\cache\90478.jpg
90485,Scented Hanging Sticks 6 Festive Berry,£7.00,£3.50,£3.50,50%,https://stevegiergiel.vivamknetwork.co.uk/6-festive-berry-scented-hanging-sticks.html,"Bring your artificial Christmas tree to life with these scented Fragranstix, available in Cinnamon or Festive Berry. Simply hang a few of these scented sticks evenly on branches around your tree and enjoy the scent of Christmas all season long. Length of each stick: 16cm.",https://stevegiergiel.vivamknetwork.co.uk/media/catalog/product/cache/6517c62f5899ad6aa0ba23ceb3eeff97/9/0/90378_1.jpg,christmas_booklet_output\cache\90485.jpg
90491,Wreath Mistletoe,£9.00,£4.00,£5.00,56%,https://stevegiergiel.vivamknetwork.co.uk/mistletoe-wreath.html,This small but stylish faux mistletoe wreath would look beautiful on any door this festive season. Size: H23 x W30cm.,https://stevegiergiel.vivamknetwork.co.uk/media/catalog/product/cache/6517c62f5899ad6aa0ba23ceb3eeff97/9/0/90491.jpg,christmas_booklet_output\cache\90491.jpg
90509,Reversible Table Runner,£20.00,£10.00,£10.00,50%,https://stevegiergiel.vivamknetwork.co.uk/reversible-table-runner.html,No Christmas dinner would be complete without a suitably festive table runner. This table runner features a reversible Christmas joy print to one side and solid red with embroidery detail to the other side. 100% cotton. Machine washable. L230 x W35cm.,https://stevegiergiel.vivamknetwork.co.uk/media/catalog/product/cache/6517c62f5899ad6aa0ba23ceb3eeff97/9/0/90509.jpg,christmas_booklet_output\cache\90509.jpg
90608,Plush Photo Stocking,£6.50,£2.50,£4.00,62%,https://stevegiergiel.vivamknetwork.co.uk/plush-photo-stocking.html,"Add a personal touch this Christmas with this photo stocking. The photo pocket will fit a standard 4 x 6"" photo, making this traditionally designed stocking a little more contemporary. Plush. H42 x W30cm.",https://stevegiergiel.vivamknetwork.co.uk/media/catalog/product/cache/6517c62f5899ad6aa0ba23ceb3eeff97/9/0/90608.jpg,christmas_booklet_output\cache\90608.jpg
90661,Decoir Mat - Gingerbread House,£15.00,£7.50,£7.50,50%,https://stevegiergiel.vivamknetwork.co.uk/decoir-mat-gingerbread-house.html,"These handcrafted decoir mats, available in Festive Robins or Gingerbread House, are made from durable natural coir that removes mud and dirt from shoes and boots. They’re easy to clean too, simply brush when dry! Slip-resistant PVC backing. Suitable for indoor or outdoor use. L40 x W60cm.",https://stevegiergiel.vivamknetwork.co.uk/media/catalog/product/cache/6517c62f5899ad6aa0ba23ceb3eeff97/9/0/90661.jpg,christmas_booklet_output\cache\90661.jpg
90662,Hanging Gonk - Christmas Tree,£12.00,£6.00,£6.00,50%,https://stevegiergiel.vivamknetwork.co.uk/hanging-gonk-christmas-tree.html,"These hanging characters, available in Christmas tree gonk or festive bear, have weighted hands to help them cling to shelves, windowsills, bookcases and mantlepieces. They add a touch of whimsical charm to any home this season. Christmas gonk: L48 x W18 x D7cm. Festive bear: L40 x W22 x D8cm.",https://stevegiergiel.vivamknetwork.co.uk/media/catalog/product/cache/6517c62f5899ad6aa0ba23ceb3eeff97/9/0/90662.jpg,christmas_booklet_output\cache\90662.jpg
90665,Hanging Light Up Gonk,£8.00,£4.00,£4.00,50%,https://stevegiergiel.vivamknetwork.co.uk/hanging-light-up-gonk.html,"Fall in love with this charming Hanging Light Up Gonk. Auto timer, 4 hours on & 20 hours off. Requires 3 x LR44 batteries (included). Polyester. Size: L17 x W10cm.",https://stevegiergiel.vivamknetwork.co.uk/media/catalog/product/cache/6517c62f5899ad6aa0ba23ceb3eeff97/9/0/90665.jpg,christmas_booklet_output\cache\90665.jpg
90681,Inlit Santa,£19.00,£9.50,£9.50,50%,https://stevegiergiel.vivamknetwork.co.uk/inlit-santa.html,"This cheerful Santa, holding a glowing green wreath, is the perfect Christmas decoration for any home. He has the traditional red clothing and hat with rosy, red cheeks. Hand-painted. 5 LEDs. Requires 2 x AAA batteries (not included). Resin. Size: H25 x W12.5 x D12cm. AAA batteries available in packs of 10 on code 13459 for only £3 / €3.60.",https://stevegiergiel.vivamknetwork.co.uk/media/catalog/product/cache/6517c62f5899ad6aa0ba23ceb3eeff97/9/0/90681.jpg,christmas_booklet_output\cache\90681.jpg
90683,Gold Robin - King,£8.00,£4.00,£4.00,50%,https://stevegiergiel.vivamknetwork.co.uk/gold-robin-king.html,"The most regal pair you did ever see! These Robins, available as King or Queen (sold individually), , offer a majestic and festive accent that embodies the spirit of the season. Whether gracing a tabletop, mantelpiece or serving as a focal point in a joyous display, they are a symbol of elegance & joy that enhances the magic & beauty of Christmas. Resin. Each bird comes boxed. Approx. size of each: H14 x W5.5 x D9cm.",https://stevegiergiel.vivamknetwork.co.uk/media/catalog/product/cache/6517c62f5899ad6aa0ba23ceb3eeff97/9/0/90683.jpg,christmas_booklet_output\cache\90683.jpg
90692,Santa Shaped Oil Burner,£12.00,£6.00,£6.00,50%,https://stevegiergiel.vivamknetwork.co.uk/santa-shaped-oil-burner.html,"This Santa Shaped Oil Burner is a cheerful little character featuring the traditional red suit, big white beard, and a brown present sack. Simply fill the dish with water, add your favourite oil and place a lit tealight underneath. Ceramic. Comes boxed. Approx. size: H10.5 x Diam. 10cm.",https://stevegiergiel.vivamknetwork.co.uk/media/catalog/product/cache/6517c62f5899ad6aa0ba23ceb3eeff97/9/0/90692.jpg,christmas_booklet_output\cache\90692.jpg
90705,Christmas Eve Elf Bag,£3.00,£1.50,£1.50,50%,https://stevegiergiel.vivamknetwork.co.uk/christmas-eve-elf-bag.html,"The bag is the perfect size for filling with little treats such as chocolate, pyjamas, and reindeer food on Christmas Eve. It features a full colour printed elf design with a gold lace draw string. Use & reuse year after year. Polyester. H55 x W37cm.",https://stevegiergiel.vivamknetwork.co.uk/media/catalog/product/cache/6517c62f5899ad6aa0ba23ceb3eeff97/9/0/90705.jpg,christmas_booklet_output\cache\90705.jpg
90710,Christmas Crackers MYO - Snowman,£5.00,£2.50,£2.50,50%,https://stevegiergiel.vivamknetwork.co.uk/christmas-crackers-myo-snowman.html,"6 Make Your Own Crackers in a fun Snowman design. Each pack includes ribbons, snaps, hats, mottos and space for personalisation. Put them together, add your guest’s name and pop in an additional surprise if you wish to! Recyclable. Cracker length: 12” (30cm).",https://stevegiergiel.vivamknetwork.co.uk/media/catalog/product/cache/6517c62f5899ad6aa0ba23ceb3eeff97/9/0/90710.jpg,christmas_booklet_output\cache\90710.jpg
90737,LED Santa with Star,£18.00,£9.00,£9.00,50%,https://stevegiergiel.vivamknetwork.co.uk/led-santa-with-star.html,"Spread festive cheer with this delightful LED character, Santa with Star. It has bright LED lights to illuminate your home. Great for placing on a mantelpiece, window or anywhere you want to spread the joy of Christmas. Santa: H21 x W14 x D8cm. Polyresin. Comes boxed. Requires 2 x LR44 batteries (included).",https://stevegiergiel.vivamknetwork.co.uk/media/catalog/product/cache/6517c62f5899ad6aa0ba23ceb3eeff97/9/0/90737.jpg,christmas_booklet_output\cache\90737.jpg
90745,MYO Santa Stop Sign,£3.00,£1.50,£1.50,50%,https://stevegiergiel.vivamknetwork.co.uk/myo-santa-stop-sign.html,"Make sure Santa stops at your house with the Make Your Own Santa Stop Here Sign. It includes 1 x backing board, ribbon, 2 large stick-on decorations & 1 x sticker sheet containing letters & characters. Suitable for ages 3+. Size: H17.5 x W24cm.",https://stevegiergiel.vivamknetwork.co.uk/media/catalog/product/cache/6517c62f5899ad6aa0ba23ceb3eeff97/9/0/90745.jpg,christmas_booklet_output\cache\90745.jpg
90748,120 Christmas Stickers,£3.00,£1.50,£1.50,50%,https://stevegiergiel.vivamknetwork.co.uk/120-christmas-stickers.html,Over 120 festive-themed stickers across three sheets. Glitter & holographic effects. Designs may vary. Suitable for ages 3+. H35.5 x L12.5cm.,https://stevegiergiel.vivamknetwork.co.uk/media/catalog/product/cache/6517c62f5899ad6aa0ba23ceb3eeff97/9/0/90748.jpg,christmas_booklet_output\cache\90748.jpg
90752,Winter Wonderland - Double Oven Glove,£9.00,£4.50,£4.50,50%,https://stevegiergiel.vivamknetwork.co.uk/winter-wonderland-double-oven-glove.html,"The Winter Wonderland design features a classic checkered background in festive greens & reds with 3 fir trees and the text, ‘Winter Wonderland’. Outer 100% cotton, filling 100% polyester, lining 100% polypropylene. Machine washable. Size: L90 x W18 x D1.5cm. Matching tea towels & apron available.",https://stevegiergiel.vivamknetwork.co.uk/media/catalog/product/cache/6517c62f5899ad6aa0ba23ceb3eeff97/9/0/90752.jpg,christmas_booklet_output\cache\90752.jpg
90761,His Lordship Mug,£7.00,£3.50,£3.50,50%,https://stevegiergiel.vivamknetwork.co.uk/his-lordship-mug.html,For the Lord & Lady of the manor! A great gift for Christmas. Fine China. Dishwasher & microwave safe. H11 x diam. 8.5cm.,https://stevegiergiel.vivamknetwork.co.uk/media/catalog/product/cache/6517c62f5899ad6aa0ba23ceb3eeff97/9/0/90761.jpg,christmas_booklet_output\cache\90761.jpg
90768,Reusable Shopping Bag - Christmas Highland Coo,£9.00,£4.50,£4.50,50%,https://stevegiergiel.vivamknetwork.co.uk/reusable-shopping-bag-christmas-highland-coo.html,"Do your Christmas shopping in style with our selection of Reusable Shopping Bags. Highland Coo: H39 x W38 x D10cm, 80% cotton, 20% polyester.",https://stevegiergiel.vivamknetwork.co.uk/media/catalog/product/cache/6517c62f5899ad6aa0ba23ceb3eeff97/9/0/90768.jpg,christmas_booklet_output\cache\90768.jpg
90770,Crochet Kit - Jolly Santa,£10.00,£5.00,£5.00,50%,https://stevegiergiel.vivamknetwork.co.uk/crochet-kit-jolly-santa.html,"These cute Christmas-themed crochet kits, available in Robin or Jolly Santa, are packaged in a 100% recyclable cardboard box and sleeve and are perfect gifts for the avid crafter, crocheter or yarnie! Robin: L12 x W11 x D12cm. Jolly Santa: L18 x W11 x D7cm. Suitable for age 12+.",https://stevegiergiel.vivamknetwork.co.uk/media/catalog/product/cache/6517c62f5899ad6aa0ba23ceb3eeff97/9/0/90770.jpg,christmas_booklet_output\cache\90770.jpg
90779,Felt Play Scene,£5.00,£2.50,£2.50,50%,https://stevegiergiel.vivamknetwork.co.uk/felt-play-scene.html,"Create your very own Christmas scene with this 30-piece Felt Play set. It includes a whole host of characters, accessories and a cardboard background to place them on. Scene size: L20 x W30cm. Suitable for ages 3+.",https://stevegiergiel.vivamknetwork.co.uk/media/catalog/product/cache/6517c62f5899ad6aa0ba23ceb3eeff97/9/0/90779.jpg,christmas_booklet_output\cache\90779.jpg
90787,Snacks for Santa Board,£5.00,£2.50,£2.50,50%,https://stevegiergiel.vivamknetwork.co.uk/snacks-for-santa-board.html,"Bring the magic of Christmas to life with this Snacks for Santa board. The wooden treats board features a place for Santa's snack, Santa's drink and Rudolph's carrot. Food safe. Hand wash. H20 x W30cm.",https://stevegiergiel.vivamknetwork.co.uk/media/catalog/product/cache/6517c62f5899ad6aa0ba23ceb3eeff97/9/0/90787.jpg,christmas_booklet_output\cache\90787.jpg
90809,Light Up Robin,£15.00,£7.50,£7.50,50%,https://stevegiergiel.vivamknetwork.co.uk/light-up-robin.html,"A traditional red-breasted robin with light-up chest - the perfect ornament for your windowsill, mantlepiece, or tabletop this Christmas. 3 LED lights illuminate the acorn-detailed garland necklace. Glitter finish. Comes boxed. Polyresin. H14 x W18.5 x D14cm. Design may vary. Requires 2 x AAA batteries (not included). AAA batteries are available in packs of 10 on code 13459 for only £3 / €3.60.",https://stevegiergiel.vivamknetwork.co.uk/media/catalog/product/cache/6517c62f5899ad6aa0ba23ceb3eeff97/9/0/90809.jpg,christmas_booklet_output\cache\90809.jpg
90823,Blinkin Santa,£30.00,£15.00,£15.00,50%,https://stevegiergiel.vivamknetwork.co.uk/blinkin-santa.html,"Create a winter wonderland with the fun blinkin’ Santa. The eyes blink, move and wink! A quirky and fun Christmas decoration. Auto timer, 6 hours on/18 hours off. Requires 3 x AA batteries (not included). Polyresin. Comes boxed. H25 x W18cm. Suitable for indoor or outdoor use. AA batteries are available in packs of 10 on code 13458 for only £3 / €3.60.",https://stevegiergiel.vivamknetwork.co.uk/media/catalog/product/cache/6517c62f5899ad6aa0ba23ceb3eeff97/9/0/90823.jpg,christmas_booklet_output\cache\90823.jpg
90836,Highland Cow - Santa Sack,£12.00,£6.00,£6.00,50%,https://stevegiergiel.vivamknetwork.co.uk/highland-cow-santa-sack.html,"An adorable highland cow, styled in a festive hat, stands over Santa’s present sack! This mischievous festive cow would look perfect perched on a mantlepiece, shelf, table or TV unit. Comes boxed. Resin. H10 x W6 x D7cm.",https://stevegiergiel.vivamknetwork.co.uk/media/catalog/product/cache/6517c62f5899ad6aa0ba23ceb3eeff97/9/0/90836.jpg,christmas_booklet_output\cache\90836.jpg
90837,Snowman Ornament,£10.00,£5.00,£5.00,50%,https://stevegiergiel.vivamknetwork.co.uk/snowman-ornament.html,"A charming snowman with tree ornament that brings a heartwarming message of gratitude and joy. It has the word ‘blessed’ written across the front, serving as a reminder of the blessings that surround us during the festive holidays. Resin. H10 x W8 x D4.5cm.",https://stevegiergiel.vivamknetwork.co.uk/media/catalog/product/cache/6517c62f5899ad6aa0ba23ceb3eeff97/9/0/90837.jpg,christmas_booklet_output\cache\90837.jpg
90845,Velvet Bows 3pk - Red,£5.00,£2.50,£2.50,50%,https://stevegiergiel.vivamknetwork.co.uk/velvet-bows-3pk-red.html,"This selection of velvet bows is a great addition to the décor on your tree or around the home this season. Available in red or tartan, in a large 34cm & packs of 3 x 15cm, there’s a bow for everyone. The large bows have a metal hanging loop, and the smaller bows each come with a tie on the reverse.",https://stevegiergiel.vivamknetwork.co.uk/media/catalog/product/cache/6517c62f5899ad6aa0ba23ceb3eeff97/9/0/90845.jpg,christmas_booklet_output\cache\90845.jpg
90846,Velvet Bow - Tartan,£7.50,£3.75,£3.75,50%,https://stevegiergiel.vivamknetwork.co.uk/velvet-bow-tartan.html,"This selection of velvet bows is a great addition to the décor on your tree or around the home this season. Available in red or tartan, in a large 34cm & packs of 3 x 15cm, there’s a bow for everyone. The large bows have a metal hanging loop, and the smaller bows each come with a tie on the reverse.",https://stevegiergiel.vivamknetwork.co.uk/media/catalog/product/cache/6517c62f5899ad6aa0ba23ceb3eeff97/9/0/90846.jpg,christmas_booklet_output\cache\90846.jpg
90847,Velvet Bows 3pk - Tartan,£5.00,£2.50,£2.50,50%,https://stevegiergiel.vivamknetwork.co.uk/velvet-bows-3pk-tartan.html,"This selection of velvet bows is a great addition to the décor on your tree or around the home this season. Available in red or tartan, in a large 34cm & packs of 3 x 15cm, there’s a bow for everyone. The large bows have a metal hanging loop, and the smaller bows each come with a tie on the reverse.",https://stevegiergiel.vivamknetwork.co.uk/media/catalog/product/cache/6517c62f5899ad6aa0ba23ceb3eeff97/9/0/90847.jpg,christmas_booklet_output\cache\90847.jpg
90848,LED Bauble Ornament - Red,£12.00,£6.00,£6.00,50%,https://stevegiergiel.vivamknetwork.co.uk/led-bauble-ornament-red.html,This vibrant red bauble has a metallic top and internal LED fairy lights for a warm glow. It can be hung from a tree or free-standing to decorate your tabletop. Mercury glass. Comes boxed. Requires 3 x AAA batteries (not included). H14 x Diam. 9.5cm. AAA batteries are available in packs of 10 on code 13459 for only £3 / €3.60.,https://stevegiergiel.vivamknetwork.co.uk/media/catalog/product/cache/6517c62f5899ad6aa0ba23ceb3eeff97/9/0/90848.jpg,christmas_booklet_output\cache\90848.jpg
90849,Solo Candle Holder - Festive Fir,£7.50,£3.75,£3.75,50%,https://stevegiergiel.vivamknetwork.co.uk/solo-candle-holder-festive-fir.html,"Decorate dining tables, mantlepieces and windowsills with a selection of gorgeous candle holders, available as a single or triple, in two different designs - Festive Fir or Frost. Festive Fir is packed with rustic red and gold pinecones, stars, foliage and baubles. The frost collection features frosted cones, berries, bells, stars and foliage. Dried natural materials, plastic & glass tealight holders. Solo: H8 x diam. 15cm. Trio: H9 x W36 x D15cm. Tealights not included.",https://stevegiergiel.vivamknetwork.co.uk/media/catalog/product/cache/6517c62f5899ad6aa0ba23ceb3eeff97/9/0/90849.jpg,christmas_booklet_output\cache\90849.jpg
90851,Trio Candle Holder - Festive Fir,£15.00,£7.50,£7.50,50%,https://stevegiergiel.vivamknetwork.co.uk/trio-candle-holder-festive-fir.html,"Decorate dining tables, mantlepieces and windowsills with a selection of gorgeous candle holders, available as a single or triple, in two different designs - Festive Fir or Frost. Festive Fir is packed with rustic red and gold pinecones, stars, foliage and baubles. The frost collection features frosted cones, berries, bells, stars and foliage. Dried natural materials, plastic & glass tealight holders. Solo: H8 x diam. 15cm. Trio: H9 x W36 x D15cm. Tealights not included.",https://stevegiergiel.vivamknetwork.co.uk/media/catalog/product/cache/6517c62f5899ad6aa0ba23ceb3eeff97/9/0/90851.jpg,christmas_booklet_output\cache\90851.jpg
90852,Trio Candle Holder - Frost,£15.00,£7.50,£7.50,50%,https://stevegiergiel.vivamknetwork.co.uk/trio-candle-holder-frost.html,"Decorate dining tables, mantlepieces and windowsills with a selection of gorgeous candle holders, available as a single or triple, in two different designs - Festive Fir or Frost. Festive Fir is packed with rustic red and gold pinecones, stars, foliage and baubles. The frost collection features frosted cones, berries, bells, stars and foliage. Dried natural materials, plastic & glass tealight holders. Solo: H8 x diam. 15cm. Trio: H9 x W36 x D15cm. Tealights not included.",https://stevegiergiel.vivamknetwork.co.uk/media/catalog/product/cache/6517c62f5899ad6aa0ba23ceb3eeff97/9/0/90852.jpg,christmas_booklet_output\cache\90852.jpg
90859,Pet Cracker - Dog (Red),£3.50,£1.75,£1.75,50%,https://stevegiergiel.vivamknetwork.co.uk/pet-cracker-dog-red.html,"Get your family pets involved in a beloved Christmas tradition with a choice of two dog crackers, white or red, and one cat cracker. Each cracker contains a toy. No bang. Length of each: 14”",https://stevegiergiel.vivamknetwork.co.uk/media/catalog/product/cache/6517c62f5899ad6aa0ba23ceb3eeff97/9/0/90859.jpg,christmas_booklet_output\cache\90859.jpg
90862,Giant Cracker - Paw Patrol,£9.00,£4.50,£4.50,50%,https://stevegiergiel.vivamknetwork.co.uk/giant-cracker-paw-patrol.html,"These fabulous giant crackers, in Wicked or Paw Patrol designs, contain a variety of activities for children this Christmas. A great gift! Each cracker contains: 2 x colouring sheets, 1 x puzzle, 4 x felt tips or crayons, 1 x sticker sheet and a surprise. Comes gift boxed. Length of each cracker: 21”",https://stevegiergiel.vivamknetwork.co.uk/media/catalog/product/cache/6517c62f5899ad6aa0ba23ceb3eeff97/9/0/90862.jpg,christmas_booklet_output\cache\90862.jpg
90865,Confetti Bows 20pk,£3.00,£1.50,£1.50,50%,https://stevegiergiel.vivamknetwork.co.uk/confetti-bows-20pk.html,"This bumper pack of 20 bows comes in 3 assorted colours: 7 x Red, 7 x Gold, & 6 x Green. Diam. of each bow: 5cm.",https://stevegiergiel.vivamknetwork.co.uk/media/catalog/product/cache/6517c62f5899ad6aa0ba23ceb3eeff97/9/0/90865.jpg,christmas_booklet_output\cache\90865.jpg
90876,Foldable Shopping Bag - Xmas Botanicals,£6.00,£3.00,£3.00,50%,https://stevegiergiel.vivamknetwork.co.uk/foldable-shopping-bag-xmas-botanicals.html,"A foldable Christmas shopping bag in a stunning Christmas botanicals design, featuring poinsettias, baubles, candy canes and bows. Folds into the clip-on pouch for compact, easy storage when not in use. L44 x W42cm. Pouch size: L11 x W13.5cm. Made from recycled plastic bottles.",https://stevegiergiel.vivamknetwork.co.uk/media/catalog/product/cache/6517c62f5899ad6aa0ba23ceb3eeff97/9/0/90876.jpg,christmas_booklet_output\cache\90876.jpg
90885,Decoir Mat - Ho Ho Ho,£16.00,£8.00,£8.00,50%,https://stevegiergiel.vivamknetwork.co.uk/decoir-mat-ho-ho-ho.html,"A handcrafted decoir mat in Ho Ho Ho design are made from durable natural coir that removes mud & dirt from shoes & boots. It’s easy to clean, simply brush when dry. Slip-resistant PVC backing. Suitable for indoor or covered outdoor use. L60 x W40cm.",https://stevegiergiel.vivamknetwork.co.uk/media/catalog/product/cache/6517c62f5899ad6aa0ba23ceb3eeff97/9/0/90885.jpg,christmas_booklet_output\cache\90885.jpg
90892,Glitter Tote Bag - Up to Snow Good,£9.00,£4.50,£4.50,50%,https://stevegiergiel.vivamknetwork.co.uk/glitter-tote-bag-up-to-snow-good.html,"A playful contemporary Christmas shopping bag, with the glittery slogan ‘up to snow good’ on a bold bright pink background. Great for those who love a splash of colour and sparkle. Cotton. Size including handles: H73 x W37cm. Excluding handles: H40cm x W37cm.",https://stevegiergiel.vivamknetwork.co.uk/media/catalog/product/cache/6517c62f5899ad6aa0ba23ceb3eeff97/9/0/90892.jpg,christmas_booklet_output\cache\90892.jpg
90893,Hot Water Bottle with Socks - Reindeer,£14.00,£7.00,£7.00,50%,https://stevegiergiel.vivamknetwork.co.uk/hot-water-bottle-with-socks-reindeer.html,Keep cosy and warm through the colder months with a reindeer-themed rubber hot water bottle and matching socks. 100% polyester. Socks & removable cover are machine washable. Socks UK size 3-5. Hot water bottle capacity: 1 litre.,https://stevegiergiel.vivamknetwork.co.uk/media/catalog/product/cache/6517c62f5899ad6aa0ba23ceb3eeff97/9/0/90893.jpg,christmas_booklet_output\cache\90893.jpg
90894,Hot Water Bottle - Santa,£12.00,£6.00,£6.00,50%,https://stevegiergiel.vivamknetwork.co.uk/hot-water-bottle-santa.html,A cute Father Christmas cosy cover and rubber hot water bottle. The removable cover is machine washable. 100% polyester. Hot water bottle capacity: 1 litre.,https://stevegiergiel.vivamknetwork.co.uk/media/catalog/product/cache/6517c62f5899ad6aa0ba23ceb3eeff97/9/0/90894.jpg,christmas_booklet_output\cache\90894.jpg
90895,Creative Crochet - Stocking,£10.00,£5.00,£5.00,50%,https://stevegiergiel.vivamknetwork.co.uk/creative-crochet-stocking.html,"This cute Christmas-themed stocking crochet kit is packaged in a recyclable cardboard box and sleeve and is a perfect gift for the avid crafter, crocheter or yarnie! L34 x W15cm. Suitable for age 12+. Each kit contains: • Polyester Yarn • Polyester Fiberfill • Crochet Hook • Embroidery Thread • Instructions",https://stevegiergiel.vivamknetwork.co.uk/media/catalog/product/cache/6517c62f5899ad6aa0ba23ceb3eeff97/9/0/90895.jpg,christmas_booklet_output\cache\90895.jpg
90918,Finger Puppets,£5.50,£2.75,£2.75,50%,https://stevegiergiel.vivamknetwork.co.uk/finger-puppets.html,his set is perfect for storytelling over the holiday period. It includes 5 festive-themed character finger puppets to let their imagination run free. BPA-free PVC. Each puppet approx. size: L5.3 x W4.8cm. Suitable for ages 3+ years.,https://stevegiergiel.vivamknetwork.co.uk/media/catalog/product/cache/6517c62f5899ad6aa0ba23ceb3eeff97/9/0/90918.png,christmas_booklet_output\cache\90918.png
90925,MYO Snow Globe,£10.00,£5.00,£5.00,50%,https://stevegiergiel.vivamknetwork.co.uk/myo-snow-globe.html,"All you need to create two uniquely designed snow globes. Set includes 2 snow globes with 2 fridge magnets, 6 colouring cards, 6 assorted felt tips and 112 stickers. Free-standing or use the magnetic reverse to showcase on your fridge. Reuse year after year. H5 x W7 x D3cm. Paper & plastic. Suitable for ages 3+ years.",https://stevegiergiel.vivamknetwork.co.uk/media/catalog/product/cache/6517c62f5899ad6aa0ba23ceb3eeff97/9/0/90925.jpg,christmas_booklet_output\cache\90925.jpg
90930,Festive Fancy - King Size,£38.00,£19.00,£19.00,50%,https://stevegiergiel.vivamknetwork.co.uk/festive-fancy-king-size.html,"The Festive Fancy duvet set is here to sweeten the season with its pastel-wrapped print and reversible bright stripes. Brimming with festive flair and made from sustainable polycotton, this modern design adds conscious yet playful style to your Yule-loving décor. 52% recycled polyester, 48% BCI cotton. Single includes 1 pillowcase, double, king size, and super king include 2 pillowcases. Popper fastening. Machine washable.",https://stevegiergiel.vivamknetwork.co.uk/media/catalog/product/cache/6517c62f5899ad6aa0ba23ceb3eeff97/9/0/90930.jpg,christmas_booklet_output\cache\90930.jpg
90933,Cushion Cover - Fa La La,£9.00,£4.50,£4.50,50%,https://stevegiergiel.vivamknetwork.co.uk/cushion-cover-fa-la-la.html,"Matching cushion cover for the Festive Fancy bedding, with contrast piped edging, Zip fastening. 100% GRS recycled polyester velvet. Machine washable. L43 x W43cm.",https://stevegiergiel.vivamknetwork.co.uk/media/catalog/product/cache/6517c62f5899ad6aa0ba23ceb3eeff97/9/0/90933_1.jpg,christmas_booklet_output\cache\90933.jpg
90935,Christmas Ornaments - Double,£32.00,£16.00,£16.00,50%,https://stevegiergiel.vivamknetwork.co.uk/christmas-ornaments-double.html,"Bring a touch of festive magic to your bedroom with the Christmas Ornaments duvet cover set. Adorned with a nostalgic print in a cheerfully modern palette, this reversible design captures the little details that make Christmastime special. 52% recycled polyester, 48% BCI cotton. Single includes 1 pillowcase, double, king size, and super king include 2 pillowcases. Popper fastening. Machine washable.",https://stevegiergiel.vivamknetwork.co.uk/media/catalog/product/cache/6517c62f5899ad6aa0ba23ceb3eeff97/9/0/90935.jpg,christmas_booklet_output\cache\90935.jpg
90936,Christmas Ornaments - King Size,£38.00,£19.00,£19.00,50%,https://stevegiergiel.vivamknetwork.co.uk/christmas-ornaments-king-size.html,"Bring a touch of festive magic to your bedroom with the Christmas Ornaments duvet cover set. Adorned with a nostalgic print in a cheerfully modern palette, this reversible design captures the little details that make Christmastime special. 52% recycled polyester, 48% BCI cotton. Single includes 1 pillowcase, double, king size, and super king include 2 pillowcases. Popper fastening. Machine washable.",https://stevegiergiel.vivamknetwork.co.uk/media/catalog/product/cache/6517c62f5899ad6aa0ba23ceb3eeff97/9/0/90936.jpg,christmas_booklet_output\cache\90936.jpg
90938,Cushion Cover - Merry Deer,£9.00,£4.50,£4.50,50%,https://stevegiergiel.vivamknetwork.co.uk/cushion-cover-merry-deer.html,"Matching cushion cover (to the Christmas Ornaments bedding), with contrast piped edging. Zip fastening. 100% GRS recycled polyester velvet. Machine washable. L43 x W43cm.",https://stevegiergiel.vivamknetwork.co.uk/media/catalog/product/cache/6517c62f5899ad6aa0ba23ceb3eeff97/9/0/90938.jpg,christmas_booklet_output\cache\90938.jpg
90942,Santa Please Stop Here - Single,£22.00,£11.00,£11.00,50%,https://stevegiergiel.vivamknetwork.co.uk/santa-please-stop-here-single.html,"This delightful set features a playful design with ‘Santa Please Stop Here’ across the bedding and glow-in-the-dark stars, which create a magical atmosphere when the lights go out. It has a contrasting jolly red Santa reverse. Single includes 1 pillowcase, and double includes 2 pillowcases. Popper fastening. 100% microfibre polyester. Machine washable.",https://stevegiergiel.vivamknetwork.co.uk/media/catalog/product/cache/6517c62f5899ad6aa0ba23ceb3eeff97/9/0/90942.jpg,christmas_booklet_output\cache\90942.jpg
90943,Santa Please Stop Here - Double,£32.00,£16.00,£16.00,50%,https://stevegiergiel.vivamknetwork.co.uk/santa-please-stop-here-double.html,"This delightful set features a playful design with ‘Santa Please Stop Here’ across the bedding and glow-in-the-dark stars, which create a magical atmosphere when the lights go out. It has a contrasting jolly red Santa reverse. Single includes 1 pillowcase, and double includes 2 pillowcases. Popper fastening. 100% microfibre polyester. Machine washable.",https://stevegiergiel.vivamknetwork.co.uk/media/catalog/product/cache/6517c62f5899ad6aa0ba23ceb3eeff97/9/0/90943.jpg,christmas_booklet_output\cache\90943.jpg
90945,Dinosaur Christmas Eve Box,£2.50,£1.25,£1.25,50%,https://stevegiergiel.vivamknetwork.co.uk/dinosaur-christmas-eve-box.html,"Make Christmas Eve extra special with these festive and fun Christmas Eve Box! Featuring brightly coloured designs and a built-in handle for easy carrying, it’s perfect for holding treats, small gifts, or holiday surprises. Each box includes a sheet of alphabetical stickers so you can personalise it with a name - making it a magical keepsake. Crafted from durable card with a laminated gloss finish, it’s both sturdy and eye-catching. Assembly required. Approx size: H28 x W34 x D15.5cm. Choose from two delightful designs: a whimsical fairy theme or a roaringly fun dinosaur style.",https://stevegiergiel.vivamknetwork.co.uk/media/catalog/product/cache/6517c62f5899ad6aa0ba23ceb3eeff97/9/0/90945.jpg,christmas_booklet_output\cache\90945.jpg
