sku,product,pdf_listed,live_found,usable_image,status,pdf_was,pdf_now,live_was,live_now,product_url
14360,Puzzle Tin - Cocomelon,YES,YES,YES,IN_BOTH_USABLE,£5.00,£2.50,£5.00,£2.50,https://stevegiergiel.vivamknetwork.co.uk/puzzle-tin-cocomelon.html
60050,Drinking Bottle - Elf,NO,YES,YES,LIVE_ONLY,,,£7.50,£4.50,https://stevegiergiel.vivamknetwork.co.uk/personalised-elf-bottle-500ml.html
60051,Drinking Bottle - Santa,NO,YES,YES,LIVE_ONLY,,,£7.50,£4.50,https://stevegiergiel.vivamknetwork.co.uk/personalised-santa-bottle-500ml.html
60182,Gonk Advent Calendar,NO,YES,YES,LIVE_ONLY,,,£10.00,£7.00,https://stevegiergiel.vivamknetwork.co.uk/gonk-advent-calendar.html
60187,Santa Please Stop Here Plaque,NO,YES,YES,LIVE_ONLY,,,£11.00,£6.00,https://stevegiergiel.vivamknetwork.co.uk/santa-please-stop-here-plaque.html
60221,Personalised Hanging Reindeer Head,NO,YES,YES,LIVE_ONLY,,,£12.50,£6.50,https://stevegiergiel.vivamknetwork.co.uk/hanging-reindeer-head.html
60222,LED Reindeer Head,NO,YES,YES,LIVE_ONLY,,,£13.00,£7.00,https://stevegiergiel.vivamknetwork.co.uk/led-reindeer-head.html
60226,Silver Gonk With Sequin Hat,NO,YES,YES,LIVE_ONLY,,,£10.50,£7.50,https://stevegiergiel.vivamknetwork.co.uk/silver-gonk-with-sequin-hat.html
60282,Harry Potter Light Up Jar - Hogwarts Express,NO,YES,YES,LIVE_ONLY,,,£16.00,£9.50,https://stevegiergiel.vivamknetwork.co.uk/harry-potter-light-up-jar-hogwarts-express.html
60330,Gonk Trio Led Candlelight,NO,YES,YES,LIVE_ONLY,,,£28.00,£20.00,https://stevegiergiel.vivamknetwork.co.uk/gonk-trio-led-candlelight.html
60336,Personalised Nativity Scene,NO,YES,YES,LIVE_ONLY,,,£26.00,£16.00,https://stevegiergiel.vivamknetwork.co.uk/personalised-nativity-scene.html
60345,Gonk Lidded Mug,NO,YES,YES,LIVE_ONLY,,,£16.00,£10.00,https://stevegiergiel.vivamknetwork.co.uk/gonk-lidded-mug.html
60348,Xmas Red LED Lantern,NO,YES,YES,LIVE_ONLY,,,£14.00,£9.00,https://stevegiergiel.vivamknetwork.co.uk/xmas-red-led-lantern.html
60349,Paw Patrol Santa Stop Here,NO,YES,YES,LIVE_ONLY,,,£10.00,£6.00,https://stevegiergiel.vivamknetwork.co.uk/paw-patrol-santa-stop-here.html
60353,Gonk Bauble Tree - Red,NO,YES,YES,LIVE_ONLY,,,£12.00,£8.00,https://stevegiergiel.vivamknetwork.co.uk/gonk-bauble-tree-red.html
60354,Gonk Bauble Tree - Pink,NO,YES,YES,LIVE_ONLY,,,£12.00,£8.00,https://stevegiergiel.vivamknetwork.co.uk/gonk-bauble-tree-pink.html
90284,Santa Jigsaw - 1000 Piece,YES,YES,YES,IN_BOTH_USABLE,£15.00,£7.50,£15.00,£7.50,https://stevegiergiel.vivamknetwork.co.uk/1000-piece-santa-jigsaw.html
90343,Christmas Cards 10pk - Religious Scene,YES,NO,NO,PDF_ONLY,£3.00,£1.50,,,
90347,Mini Traditional Santa Cards,YES,YES,YES,IN_BOTH_USABLE,£2.50,£1.00,£2.50,£1.00,https://stevegiergiel.vivamknetwork.co.uk/mini-traditional-santa-cards.html
90359,Santa & Reindeer Footprint Stencils,YES,YES,YES,IN_BOTH_USABLE,£3.00,£1.00,£3.00,£1.00,https://stevegiergiel.vivamknetwork.co.uk/santa-reindeer-footprint-stencils.html
90365,Santa CAM Bauble,YES,YES,YES,IN_BOTH_USABLE,£7.50,£3.75,£7.50,£3.75,https://stevegiergiel.vivamknetwork.co.uk/santa-cam-bauble.html
90380,9ft Snow Tipped Garland,YES,YES,YES,IN_BOTH_USABLE,£17.00,£8.50,£17.00,£8.50,https://stevegiergiel.vivamknetwork.co.uk/9ft-snow-tipped-garland.html
90381,9ft Garland,YES,NO,NO,PDF_ONLY,£16.00,£8.00,,,
90444,The Night Before Christmas,YES,NO,NO,PDF_ONLY,£5.00,£2.50,,,
90449,Kid's Novelty Socks,YES,YES,YES,IN_BOTH_USABLE,£4.00,£1.50,£4.00,£1.50,https://stevegiergiel.vivamknetwork.co.uk/kid-s-novelty-socks.html
90457,Magic Snow with Shovel,YES,YES,YES,IN_BOTH_USABLE,£3.50,£1.50,£3.50,£1.50,https://stevegiergiel.vivamknetwork.co.uk/magic-snow-with-shovel.html
90466,48 LED Blossom Tree - Warm White,YES,YES,YES,IN_BOTH_USABLE,£25.00,£12.50,£25.00,£12.50,https://stevegiergiel.vivamknetwork.co.uk/48-led-blossom-tree-warm-white.html
90472,Eco Tape,YES,YES,YES,IN_BOTH_USABLE,£3.50,£1.75,£3.50,£1.75,https://stevegiergiel.vivamknetwork.co.uk/eco-tape.html
90478,Luxury Tags 16pk - Cute,YES,YES,YES,IN_BOTH_USABLE,£3.00,£1.50,£3.00,£1.50,https://stevegiergiel.vivamknetwork.co.uk/20-luxury-cute-gift-tags.html
90485,Scented Hanging Sticks 6 Festive Berry,YES,YES,YES,IN_BOTH_USABLE,£7.00,£3.50,£7.00,£3.50,https://stevegiergiel.vivamknetwork.co.uk/6-festive-berry-scented-hanging-sticks.html
90491,Wreath Mistletoe,YES,YES,YES,IN_BOTH_USABLE,£9.00,£4.00,£9.00,£4.00,https://stevegiergiel.vivamknetwork.co.uk/mistletoe-wreath.html
90509,Reversible Table Runner,YES,YES,YES,IN_BOTH_USABLE,£20.00,£10.00,£20.00,£10.00,https://stevegiergiel.vivamknetwork.co.uk/reversible-table-runner.html
90608,Plush Photo Stocking,YES,YES,YES,IN_BOTH_USABLE,£6.50,£2.50,£6.50,£2.50,https://stevegiergiel.vivamknetwork.co.uk/plush-photo-stocking.html
90654,Christmas Card 10pk - O Holy Night,YES,NO,NO,PDF_ONLY,£3.00,£1.50,,,
90661,Decoir Mat - Gingerbread House,YES,YES,YES,IN_BOTH_USABLE,£15.00,£7.50,£15.00,£7.50,https://stevegiergiel.vivamknetwork.co.uk/decoir-mat-gingerbread-house.html
90662,Hanging Gonk - Christmas Tree,YES,YES,YES,IN_BOTH_USABLE,£12.00,£6.00,£12.00,£6.00,https://stevegiergiel.vivamknetwork.co.uk/hanging-gonk-christmas-tree.html
90665,Hanging Light Up Gonk,YES,YES,YES,IN_BOTH_USABLE,£8.00,£4.00,£8.00,£4.00,https://stevegiergiel.vivamknetwork.co.uk/hanging-light-up-gonk.html
90679,Star Stake Lights - Multi,YES,NO,NO,PDF_ONLY,£20.00,£10.00,,,
90681,Inlit Santa,YES,YES,YES,IN_BOTH_USABLE,£19.00,£9.50,£19.00,£9.50,https://stevegiergiel.vivamknetwork.co.uk/inlit-santa.html
90683,Gold Robin - King,YES,YES,YES,IN_BOTH_USABLE,£8.00,£4.00,£8.00,£4.00,https://stevegiergiel.vivamknetwork.co.uk/gold-robin-king.html
90692,Santa Shaped Oil Burner,YES,YES,YES,IN_BOTH_USABLE,£12.00,£6.00,£12.00,£6.00,https://stevegiergiel.vivamknetwork.co.uk/santa-shaped-oil-burner.html
90705,Christmas Eve Elf Bag,YES,YES,YES,IN_BOTH_USABLE,£3.00,£1.50,£3.00,£1.50,https://stevegiergiel.vivamknetwork.co.uk/christmas-eve-elf-bag.html
90710,Christmas Crackers MYO - Snowman,YES,YES,YES,IN_BOTH_USABLE,£5.00,£2.50,£5.00,£2.50,https://stevegiergiel.vivamknetwork.co.uk/christmas-crackers-myo-snowman.html
90731,Festive Highland Cow,YES,NO,NO,PDF_ONLY,£14.00,£7.00,,,
90737,LED Santa with Star,YES,YES,YES,IN_BOTH_USABLE,£18.00,£9.00,£18.00,£9.00,https://stevegiergiel.vivamknetwork.co.uk/led-santa-with-star.html
90745,MYO Santa Stop Sign,YES,YES,YES,IN_BOTH_USABLE,£3.00,£1.50,£3.00,£1.50,https://stevegiergiel.vivamknetwork.co.uk/myo-santa-stop-sign.html
90748,120 Christmas Stickers,YES,YES,YES,IN_BOTH_USABLE,£3.00,£1.50,£3.00,£1.50,https://stevegiergiel.vivamknetwork.co.uk/120-christmas-stickers.html
90752,Winter Wonderland - Double Oven Glove,YES,YES,YES,IN_BOTH_USABLE,£9.00,£4.50,£9.00,£4.50,https://stevegiergiel.vivamknetwork.co.uk/winter-wonderland-double-oven-glove.html
90761,His Lordship Mug,YES,YES,YES,IN_BOTH_USABLE,£7.00,£3.50,£7.00,£3.50,https://stevegiergiel.vivamknetwork.co.uk/his-lordship-mug.html
90768,Reusable Shopping Bag - Christmas Highland Coo,YES,YES,YES,IN_BOTH_USABLE,£9.00,£4.50,£9.00,£4.50,https://stevegiergiel.vivamknetwork.co.uk/reusable-shopping-bag-christmas-highland-coo.html
90770,Crochet Kit - Jolly Santa,YES,YES,YES,IN_BOTH_USABLE,£10.00,£5.00,£10.00,£5.00,https://stevegiergiel.vivamknetwork.co.uk/crochet-kit-jolly-santa.html
90779,Felt Play Scene,YES,YES,YES,IN_BOTH_USABLE,£5.00,£2.50,£5.00,£2.50,https://stevegiergiel.vivamknetwork.co.uk/felt-play-scene.html
90787,Snacks for Santa Board,YES,YES,YES,IN_BOTH_USABLE,£5.00,£2.50,£5.00,£2.50,https://stevegiergiel.vivamknetwork.co.uk/snacks-for-santa-board.html
90809,Light Up Robin,YES,YES,YES,IN_BOTH_USABLE,£15.00,£7.50,£15.00,£7.50,https://stevegiergiel.vivamknetwork.co.uk/light-up-robin.html
90823,Blinkin Santa,YES,YES,YES,IN_BOTH_USABLE,£30.00,£15.00,£30.00,£15.00,https://stevegiergiel.vivamknetwork.co.uk/blinkin-santa.html
90836,Highland Cow - Santa Sack,YES,YES,YES,IN_BOTH_USABLE,£12.00,£6.00,£12.00,£6.00,https://stevegiergiel.vivamknetwork.co.uk/highland-cow-santa-sack.html
90837,Snowman Ornament,YES,YES,YES,IN_BOTH_USABLE,£10.00,£5.00,£10.00,£5.00,https://stevegiergiel.vivamknetwork.co.uk/snowman-ornament.html
90842,Festive Baubles - Santa Claus,YES,NO,NO,PDF_ONLY,£14.00,£7.00,,,
90845,Velvet Bows 3pk - Red,YES,YES,YES,IN_BOTH_USABLE,£5.00,£2.50,£5.00,£2.50,https://stevegiergiel.vivamknetwork.co.uk/velvet-bows-3pk-red.html
90846,Velvet Bow - Tartan,YES,YES,YES,IN_BOTH_USABLE,£7.50,£3.75,£7.50,£3.75,https://stevegiergiel.vivamknetwork.co.uk/velvet-bow-tartan.html
90847,Velvet Bows 3pk - Tartan,YES,YES,YES,IN_BOTH_USABLE,£5.00,£2.50,£5.00,£2.50,https://stevegiergiel.vivamknetwork.co.uk/velvet-bows-3pk-tartan.html
90848,LED Bauble Ornament - Red,YES,YES,YES,IN_BOTH_USABLE,£12.00,£6.00,£12.00,£6.00,https://stevegiergiel.vivamknetwork.co.uk/led-bauble-ornament-red.html
90849,Solo Candle Holder - Festive Fir,YES,YES,YES,IN_BOTH_USABLE,£7.50,£3.75,£7.50,£3.75,https://stevegiergiel.vivamknetwork.co.uk/solo-candle-holder-festive-fir.html
90850,Solo Candle Holder - Frost,NO,YES,YES,LIVE_ONLY,,,£7.50,£3.75,https://stevegiergiel.vivamknetwork.co.uk/solo-candle-holder-frost.html
90851,Trio Candle Holder - Festive Fir,YES,YES,YES,IN_BOTH_USABLE,£15.00,£7.50,£15.00,£7.50,https://stevegiergiel.vivamknetwork.co.uk/trio-candle-holder-festive-fir.html
90852,Trio Candle Holder - Frost,YES,YES,YES,IN_BOTH_USABLE,£15.00,£7.50,£15.00,£7.50,https://stevegiergiel.vivamknetwork.co.uk/trio-candle-holder-frost.html
90859,Pet Cracker - Dog (Red),YES,YES,YES,IN_BOTH_USABLE,£3.50,£1.75,£3.50,£1.75,https://stevegiergiel.vivamknetwork.co.uk/pet-cracker-dog-red.html
90862,Giant Cracker - Paw Patrol,YES,YES,YES,IN_BOTH_USABLE,£9.00,£4.50,£9.00,£4.50,https://stevegiergiel.vivamknetwork.co.uk/giant-cracker-paw-patrol.html
90865,Confetti Bows 20pk,YES,YES,YES,IN_BOTH_USABLE,£3.00,£1.50,£3.00,£1.50,https://stevegiergiel.vivamknetwork.co.uk/confetti-bows-20pk.html
90876,Foldable Shopping Bag - Xmas Botanicals,YES,YES,YES,IN_BOTH_USABLE,£6.00,£3.00,£6.00,£3.00,https://stevegiergiel.vivamknetwork.co.uk/foldable-shopping-bag-xmas-botanicals.html
90885,Decoir Mat - Ho Ho Ho,YES,YES,YES,IN_BOTH_USABLE,£16.00,£8.00,£16.00,£8.00,https://stevegiergiel.vivamknetwork.co.uk/decoir-mat-ho-ho-ho.html
90892,Glitter Tote Bag - Up to Snow Good,YES,YES,YES,IN_BOTH_USABLE,£9.00,£4.50,£9.00,£4.50,https://stevegiergiel.vivamknetwork.co.uk/glitter-tote-bag-up-to-snow-good.html
90893,Hot Water Bottle with Socks - Reindeer,YES,NO,NO,PDF_ONLY,£14.00,£7.00,,,
90894,Hot Water Bottle - Santa,YES,YES,YES,IN_BOTH_USABLE,£12.00,£6.00,£12.00,£6.00,https://stevegiergiel.vivamknetwork.co.uk/hot-water-bottle-santa.html
90895,Creative Crochet - Stocking,YES,YES,YES,IN_BOTH_USABLE,£10.00,£5.00,£10.00,£5.00,https://stevegiergiel.vivamknetwork.co.uk/creative-crochet-stocking.html
90918,Finger Puppets,YES,YES,YES,IN_BOTH_USABLE,£5.50,£2.75,£5.50,£2.75,https://stevegiergiel.vivamknetwork.co.uk/finger-puppets.html
90925,MYO Snow Globe,YES,YES,YES,IN_BOTH_USABLE,£10.00,£5.00,£10.00,£5.00,https://stevegiergiel.vivamknetwork.co.uk/myo-snow-globe.html
90930,Festive Fancy - King Size,YES,YES,YES,IN_BOTH_USABLE,£38.00,£19.00,£38.00,£19.00,https://stevegiergiel.vivamknetwork.co.uk/festive-fancy-king-size.html
90933,Cushion Cover - Fa La La,YES,YES,YES,IN_BOTH_USABLE,£9.00,£4.50,£9.00,£4.50,https://stevegiergiel.vivamknetwork.co.uk/cushion-cover-fa-la-la.html
90935,Christmas Ornaments - Double,YES,YES,YES,IN_BOTH_USABLE,£32.00,£16.00,£32.00,£16.00,https://stevegiergiel.vivamknetwork.co.uk/christmas-ornaments-double.html
90936,Christmas Ornaments - King Size,YES,YES,YES,IN_BOTH_USABLE,£38.00,£19.00,£38.00,£19.00,https://stevegiergiel.vivamknetwork.co.uk/christmas-ornaments-king-size.html
90938,Cushion Cover - Merry Deer,YES,YES,YES,IN_BOTH_USABLE,£9.00,£4.50,£9.00,£4.50,https://stevegiergiel.vivamknetwork.co.uk/cushion-cover-merry-deer.html
90942,Santa Please Stop Here - Single,YES,YES,YES,IN_BOTH_USABLE,£22.00,£11.00,£22.00,£11.00,https://stevegiergiel.vivamknetwork.co.uk/santa-please-stop-here-single.html
90943,Santa Please Stop Here - Double,YES,YES,YES,IN_BOTH_USABLE,£32.00,£16.00,£32.00,£16.00,https://stevegiergiel.vivamknetwork.co.uk/santa-please-stop-here-double.html
90945,Dinosaur Christmas Eve Box,YES,YES,YES,IN_BOTH_USABLE,£2.50,£1.25,£2.50,£1.25,https://stevegiergiel.vivamknetwork.co.uk/dinosaur-christmas-eve-box.html
90946,Fairy Christmas Eve Box,NO,YES,YES,LIVE_ONLY,,,£2.50,£1.25,https://stevegiergiel.vivamknetwork.co.uk/fairy-christmas-eve-box.html
